vpId,srcVideo,tcIn,tcOut
1,1,1,10
2,1,11,20
3,1,21,30
4,1,31,40
5,1,41,50
6,1,51,60
7,1,61,70
8,1,71,80
9,1,81,90
10,1,91,100
11,1,101,110
12,1,111,120
13,1,121,130
14,1,131,140
15,1,141,150
16,1,151,160
17,1,161,170
18,1,171,180
19,2,1,10
20,2,11,20
21,2,21,30
22,2,31,40
23,3,1,10
24,3,11,20
25,3,21,30
26,3,31,40
27,3,41,50
28,3,51,60
29,3,61,70
30,3,71,80
31,3,81,90
32,3,91,100
33,3,101,110
34,3,111,120
35,3,121,130
36,3,131,140
37,3,141,150
38,3,151,160
39,3,161,170
40,3,171,180
41,3,181,190
42,3,191,200
43,3,201,210
44,3,211,220
45,3,221,230
46,4,1,10
47,4,11,20
48,4,21,30
49,4,31,40
50,4,41,50
51,5,1,10
52,5,11,20
53,5,21,30
54,5,31,40
55,5,41,50
56,5,51,60
57,5,61,70
58,5,71,80
59,5,81,90
60,5,91,100
61,5,101,110
62,5,111,120
63,5,121,130
64,5,131,140
65,5,141,150
66,5,151,160
67,6,1,10
68,6,11,20
69,7,1,10
70,7,11,20
71,7,21,30
72,7,31,40
73,7,41,50
74,7,51,60
75,7,61,70
76,7,71,80
77,7,81,90
78,7,91,100
79,7,101,110
80,7,111,120
81,7,121,130
82,8,1,10
83,8,11,20
84,8,21,30
85,8,31,40
86,8,41,50
87,8,51,60
88,8,61,70
89,9,1,10
90,9,11,20
91,9,21,30
92,9,31,40
93,9,41,50
94,9,51,60
95,9,61,70
96,9,71,80
97,9,81,90
98,9,91,100
99,9,101,110
100,9,111,120
101,9,121,130
102,9,131,140
103,9,141,150
104,9,151,160
105,10,1,10
106,10,11,20
107,10,21,30
108,10,31,40
109,10,41,50
110,10,51,60
111,10,61,70
112,10,71,80
113,10,81,90
114,10,91,100
115,10,101,110
116,10,111,120
117,10,121,130
118,10,131,140
119,10,141,150
120,10,151,160
121,11,1,10
122,11,11,20
123,11,21,30
124,11,31,40
125,11,41,50
126,11,51,60
127,11,61,70
128,11,71,80
129,11,81,90
130,11,91,100
131,11,101,110
132,11,111,120
133,11,121,130
134,11,131,140
135,11,141,150
136,11,151,160
137,11,161,170
138,11,171,180
139,11,181,190
140,11,191,200
141,11,201,210
142,11,211,220
143,11,221,230
144,11,231,240
145,11,241,250
146,11,251,260
147,11,261,270
148,11,271,280
149,11,281,290
150,11,291,300
151,11,301,310
152,11,311,320
153,11,321,330
154,11,331,340
155,11,341,350
156,11,351,360
157,11,361,370
158,11,371,380
159,12,1,10
160,12,11,20
161,12,21,30
162,12,31,40
163,12,41,50
164,12,51,60
165,12,61,70
166,12,71,80
167,12,81,90
168,12,91,100
169,12,101,110
170,12,111,120
171,12,121,130
172,12,131,140
173,12,141,150
174,12,151,160
175,12,161,170
176,12,171,180
177,12,181,190
178,12,191,200
179,12,201,210
180,12,211,220
181,12,221,230
182,12,231,240
183,12,241,250
184,12,251,260
185,12,261,270
186,12,271,280
187,12,281,290
188,12,291,300
189,12,301,310
190,12,311,320
191,12,321,330
192,12,331,340
193,12,341,350
194,12,351,360
195,12,361,370
196,12,371,380
197,12,381,390
198,12,391,400
199,12,401,410
200,12,411,420
201,12,421,430
202,12,431,440
203,12,441,450
204,12,451,460
205,12,461,470
206,12,471,480
207,12,481,490
208,12,491,500
209,12,501,510
210,12,511,520
211,12,521,530
212,12,531,540
213,12,541,550
214,12,551,560
215,12,561,570
216,12,571,580
217,12,581,590
218,12,591,600
219,12,601,610
220,12,611,620
221,12,621,630
222,12,631,640
223,12,641,650
224,12,651,660
