vpId,seqs,ratings,count,sum,avgRatings,max,ratios,countRatios,sumRatios,avgRatios,maxRatios
1,"[[66, 140, 103, 32, 74, 1], [53, 1, 28, 79, 100, 152], [125, 73, 53, 1, 87, 41], [1, 96, 129, 57, 44, 81], [155, 72, 1, 67, 56, 43], [46, 31, 65, 1, 78, 143], [23, 1, 100, 139, 49, 52]]","[54, 22, 37, 0, 87, 44, 40]",7,284,40.5714285714,87,"[0.47368421052631576, 0.47368421052631576, 0.23655913978494625, 0.23655913978494625, 0.42528735632183906, 0.42528735632183906, 0.0, 1.0, 1.0, 0.7213114754098361, 0.40816326530612246, 0.40816326530612246]",12,5.80869941929,0.484058284941,1.0
2,"[[53, 99, 155, 41, 2, 79], [57, 25, 128, 2, 47, 93], [144, 2, 96, 54, 50, 42], [104, 142, 69, 2, 63, 38], [2, 125, 49, 38, 73, 92], [27, 2, 82, 75, 137, 102]]","[79, 21, 13, 35, 4, 79]",6,231,38.5,79,"[1.0, 1.0, 0.19444444444444445, 0.19444444444444445, 0.15853658536585366, 0.15853658536585366, 0.28688524590163933, 0.08, 0.8586956521739131, 0.8586956521739131]",10,4.79023860987,0.479023860987,1.0
3,"[[3, 76, 41, 47, 127, 65], [155, 95, 76, 55, 24, 3], [69, 103, 32, 137, 3, 52], [3, 154, 89, 61, 20, 23], [85, 3, 30, 154, 60, 90], [3, 64, 73, 90, 24, 128]]","[35, 0, 2, 44, 51, 0]",6,132,22.0,51,"[0.4166666666666667, 0.4166666666666667, 0.0, 0.0, 0.03636363636363636, 0.6984126984126984, 0.5257731958762887, 0.5257731958762887, 0.0, 0.0]",10,2.61965605986,0.261965605986,0.698412698413
4,"[[49, 104, 4, 132, 52, 39], [96, 88, 35, 71, 4, 146], [4, 81, 35, 153, 104, 51], [76, 23, 55, 152, 4, 90], [43, 103, 4, 70, 158, 53], [132, 53, 70, 33, 4, 103]]","[43, 52, 61, 54, 38, 8]",6,256,42.6666666667,61,"[0.36752136752136755, 0.36752136752136755, 0.5148514851485149, 0.5148514851485149, 0.8356164383561644, 0.8356164383561644, 0.7297297297297297, 0.7297297297297297, 0.5352112676056338, 0.5352112676056338, 1.0]",11,6.96586057672,0.633260052429,1.0
5,"[[45, 22, 5, 93, 56, 144], [5, 143, 103, 72, 42, 82], [93, 75, 133, 32, 63, 5], [63, 140, 40, 88, 5, 69], [32, 92, 61, 145, 5, 49], [5, 31, 77, 20, 83, 123], [20, 38, 65, 5, 158, 89]]","[100, 24, 79, 86, 30, 37, 37]",7,393,56.1428571429,100,"[0.5025125628140703, 0.2857142857142857, 0.2857142857142857, 0.6220472440944882, 1.0, 1.0, 0.35294117647058826, 0.35294117647058826, 0.5285714285714286, 0.3425925925925926, 0.3425925925925926]",11,5.61562734503,0.510511576821,1.0
6,"[[94, 77, 59, 31, 6, 125], [63, 6, 22, 157, 77, 36], [46, 39, 6, 58, 122, 79], [35, 6, 88, 89, 81, 142], [152, 86, 6, 81, 98, 28]]","[0, 57, 84, 87, 68]",5,296,59.2,87,"[0.0, 0.0, 0.9344262295081968, 0.7636363636363637, 0.7636363636363637, 0.46524064171123, 0.723404255319149, 0.723404255319149]",8,4.37374810913,0.546718513641,0.934426229508
7,"[[123, 80, 7, 89, 56, 34], [146, 47, 7, 71, 60, 44], [38, 93, 61, 47, 7, 123], [7, 88, 91, 79, 144, 34], [96, 36, 7, 55, 147, 46], [65, 144, 7, 78, 83, 36]]","[53, 18, 71, 63, 4, 0]",6,209,34.8333333333,71,"[0.6091954022988506, 0.6091954022988506, 0.24, 0.24, 0.5182481751824818, 0.38650306748466257, 0.058823529411764705, 0.0]",8,2.66196557668,0.332745697085,0.609195402299
8,"[[27, 145, 85, 99, 51, 8], [8, 78, 67, 158, 24, 64], [42, 102, 62, 74, 8, 156], [78, 8, 93, 61, 143, 41], [60, 78, 8, 93, 30, 138]]","[67, 25, 28, 44, 5]",5,169,33.8,67,"[0.4557823129251701, 0.2840909090909091, 0.2840909090909091, 0.24347826086956523, 0.24347826086956523, 0.4835164835164835, 0.4835164835164835, 0.06578947368421052, 0.06578947368421052]",9,2.60953256725,0.289948063028,0.483516483516
9,"[[9, 97, 59, 46, 142, 23], [69, 54, 150, 9, 37, 97], [9, 98, 29, 72, 59, 135], [37, 9, 134, 65, 76, 89], [9, 57, 149, 73, 44, 104], [76, 104, 35, 9, 132, 56]]","[69, 0, 32, 50, 37, 92]",6,280,46.6666666667,92,"[0.8117647058823529, 0.8117647058823529, 0.0, 0.0, 0.41025641025641024, 0.41025641025641024, 0.5555555555555556, 0.5555555555555556, 0.37755102040816324, 0.37755102040816324, 0.8440366972477065, 0.8440366972477065]",12,5.9983287787,0.499860731558,0.844036697248
10,"[[73, 29, 86, 10, 63, 136], [10, 132, 71, 58, 85, 90], [125, 60, 39, 10, 102, 79], [103, 23, 134, 10, 80, 59], [19, 73, 50, 96, 10, 148], [77, 10, 44, 50, 129, 93], [74, 133, 51, 10, 36, 104]]","[44, 40, 11, 0, 0, 50, 92]",7,237,33.8571428571,92,"[0.39285714285714285, 0.39285714285714285, 0.7843137254901961, 0.55, 0.0, 0.0, 0.0, 0.0, 0.5102040816326531, 0.5102040816326531, 0.5974025974025974]",11,3.73783877187,0.339803524716,0.78431372549
11,"[[86, 77, 11, 134, 26, 20], [11, 21, 92, 122, 25, 62], [11, 49, 83, 29, 99, 121], [62, 78, 11, 149, 24, 92], [86, 28, 94, 11, 62, 124], [139, 46, 52, 45, 11, 74]]","[61, 41, 0, 19, 14, 69]",6,204,34.0,69,"[0.7011494252873564, 0.7011494252873564, 0.47126436781609193, 0.47126436781609193, 0.0, 0.76, 0.4117647058823529, 0.75, 0.75]",9,5.01659229209,0.557399143565,0.76
12,"[[141, 12, 84, 100, 45, 48], [40, 49, 100, 152, 12, 53], [87, 143, 58, 26, 68, 12], [12, 40, 141, 65, 70, 101], [68, 31, 12, 69, 136, 84]]","[24, 0, 40, 12, 13]",5,89,17.8,40,"[0.35294117647058826, 0.0, 0.3669724770642202, 0.3669724770642202, 0.23076923076923078, 0.13, 0.13]",7,1.57765536137,0.225379337338,0.366972477064
13,"[[49, 87, 13, 52, 149, 33], [13, 102, 30, 19, 147, 65], [95, 13, 49, 66, 34, 147], [101, 83, 36, 127, 52, 13], [130, 47, 22, 102, 40, 13]]","[14, 93, 24, 89, 2]",5,222,44.4,93,"[0.1590909090909091, 0.1590909090909091, 1.0, 1.0, 0.24242424242424243, 0.24242424242424243, 1.0, 1.0, 0.02127659574468085, 0.02127659574468085]",10,4.84558349452,0.484558349452,1.0
14,"[[14, 51, 143, 81, 27, 20], [23, 14, 70, 133, 56, 89], [30, 74, 135, 47, 104, 14], [80, 99, 121, 48, 33, 14], [14, 37, 20, 104, 80, 138], [21, 140, 83, 65, 14, 26], [53, 144, 47, 77, 37, 14]]","[10, 24, 56, 62, 28, 16, 70]",7,266,38.0,70,"[0.10752688172043011, 0.10752688172043011, 0.26373626373626374, 0.26373626373626374, 0.7088607594936709, 0.7088607594936709, 0.6888888888888889, 0.6888888888888889, 0.29473684210526313, 0.29473684210526313, 0.18181818181818182, 0.18181818181818182, 0.4375]",13,4.92863563553,0.379125818117,0.708860759494
15,"[[15, 36, 94, 73, 66, 140], [90, 15, 57, 131, 31, 76], [22, 89, 83, 31, 139, 15], [66, 15, 126, 30, 85, 68], [15, 63, 154, 99, 29, 76], [27, 15, 70, 58, 101, 151], [131, 58, 97, 15, 82, 39]]","[100, 64, 0, 0, 71, 41, 6]",7,282,40.2857142857,100,"[0.7692307692307693, 0.9846153846153847, 0.0, 0.0, 0.0, 0.9861111111111112, 0.9861111111111112, 0.47674418604651164, 0.47674418604651164, 0.0625, 0.0625]",11,4.80455674816,0.436777886196,0.986111111111
16,"[[101, 51, 42, 150, 88, 16], [75, 151, 16, 64, 41, 91], [46, 45, 56, 86, 148, 16], [21, 16, 28, 94, 153, 86], [71, 95, 130, 16, 43, 54], [135, 16, 84, 95, 26, 58], [31, 95, 64, 16, 137, 87]]","[67, 9, 37, 4, 45, 65, 44]",7,271,38.7142857143,67,"[0.881578947368421, 0.881578947368421, 0.09090909090909091, 0.09090909090909091, 0.3627450980392157, 0.3627450980392157, 0.6666666666666666, 0.4891304347826087, 0.4891304347826087, 0.6701030927835051, 0.6701030927835051, 0.4036697247706422, 0.4036697247706422]",13,6.46293944397,0.497149187998,0.881578947368
17,"[[25, 61, 152, 91, 80, 17], [136, 40, 81, 17, 101, 51], [51, 17, 81, 27, 133, 101], [37, 136, 17, 77, 84, 52], [156, 60, 99, 17, 75, 42], [80, 150, 66, 94, 17, 33]]","[87, 25, 46, 41, 90, 0]",6,289,48.1666666667,90,"[0.90625, 0.90625, 0.24271844660194175, 0.24271844660194175, 0.42201834862385323, 0.42201834862385323, 0.422680412371134, 0.422680412371134, 1.0, 1.0, 0.0]",11,5.98733441519,0.544303128654,1.0
18,"[[21, 29, 18, 78, 102, 124], [98, 126, 43, 82, 18, 55], [59, 100, 152, 18, 87, 45], [25, 85, 19, 18, 122, 90], [126, 67, 41, 18, 100, 85], [30, 87, 141, 100, 18, 54]]","[42, 44, 88, 12, 42, 76]",6,304,50.6666666667,88,"[0.3559322033898305, 0.3559322033898305, 0.37606837606837606, 0.37606837606837606, 1.0, 1.0, 0.15789473684210525, 0.15789473684210525, 0.3684210526315789, 0.3684210526315789, 0.8172043010752689, 0.8172043010752689]",12,6.15104134001,0.512586778335,1.0
19,"[[156, 25, 61, 78, 95, 19], [91, 38, 79, 88, 156, 19], [13, 102, 30, 19, 147, 65], [19, 73, 50, 96, 10, 148], [82, 19, 56, 97, 34, 125], [25, 85, 19, 18, 122, 90]]","[9, 76, 0, 68, 75, 84]",6,312,52.0,84,"[0.09375, 0.09375, 0.8444444444444444, 0.8444444444444444, 0.0, 0.7906976744186046, 0.7906976744186046, 0.8522727272727273, 0.8522727272727273, 0.7433628318584071, 0.7433628318584071]",11,6.64905535599,0.604459577817,0.852272727273
20,"[[14, 51, 143, 81, 27, 20], [94, 65, 129, 20, 83, 43], [86, 77, 11, 134, 26, 20], [3, 154, 89, 61, 20, 23], [14, 37, 20, 104, 80, 138], [5, 31, 77, 20, 83, 123], [20, 38, 65, 5, 158, 89]]","[88, 32, 64, 20, 0, 69, 27]",7,300,42.8571428571,88,"[1.0, 1.0, 0.35555555555555557, 0.35555555555555557, 0.6881720430107527, 0.6881720430107527, 0.2702702702702703, 0.2702702702702703, 0.0, 0.0, 0.7263157894736842, 0.7263157894736842, 0.3253012048192771, 0.3253012048192771]",14,6.73122972626,0.480802123304,1.0
21,"[[21, 29, 18, 78, 102, 124], [11, 21, 92, 122, 25, 62], [86, 124, 60, 48, 39, 21], [21, 16, 28, 94, 153, 86], [21, 140, 83, 65, 14, 26]]","[55, 38, 68, 25, 33]",5,219,43.8,68,"[0.5789473684210527, 0.5789473684210527, 0.42696629213483145, 0.42696629213483145, 0.4927536231884058, 0.49019607843137253, 0.4714285714285714]",7,3.46620559416,0.495172227737,0.578947368421
22,"[[45, 22, 5, 93, 56, 144], [63, 6, 22, 157, 77, 36], [22, 89, 83, 31, 139, 15], [157, 29, 66, 85, 22, 74], [130, 47, 22, 102, 40, 13]]","[100, 89, 46, 48, 97]",5,380,76.0,100,"[0.5291005291005291, 1.0, 1.0, 0.5679012345679012, 0.5679012345679012, 0.46601941747572817, 0.46601941747572817, 1.0, 1.0]",9,6.59694183319,0.732993537021,1.0
23,"[[23, 14, 70, 133, 56, 89], [9, 97, 59, 46, 142, 23], [103, 23, 134, 10, 80, 59], [76, 23, 55, 152, 4, 90], [3, 154, 89, 61, 20, 23], [23, 1, 100, 139, 49, 52]]","[83, 1, 61, 70, 24, 72]",6,311,51.8333333333,83,"[0.8924731182795699, 0.8924731182795699, 0.02564102564102564, 0.7625, 0.7625, 0.7608695652173914, 0.7608695652173914, 0.25806451612903225, 0.25806451612903225, 0.576]",10,5.94945542489,0.594945542489,0.89247311828
24,"[[155, 95, 76, 55, 24, 3], [8, 78, 67, 158, 24, 64], [62, 78, 11, 149, 24, 92], [3, 64, 73, 90, 24, 128]]","[50, 12, 24, 91]",4,177,44.25,91,"[0.3472222222222222, 0.12121212121212122, 0.12121212121212122, 0.5106382978723404, 0.9191919191919192, 0.9191919191919192]",6,2.9386686009,0.48977810015,0.919191919192
25,"[[25, 61, 152, 91, 80, 17], [156, 25, 61, 78, 95, 19], [57, 25, 128, 2, 47, 93], [11, 21, 92, 122, 25, 62], [25, 85, 19, 18, 122, 90], [25, 57, 101, 84, 71, 127]]","[40, 64, 15, 42, 93, 37]",6,291,48.5,93,"[0.49382716049382713, 0.49382716049382713, 0.7032967032967034, 0.7032967032967034, 0.1875, 0.1875, 0.4329896907216495, 0.4329896907216495, 1.0, 1.0, 0.3894736842105263, 0.3894736842105263]",12,6.41417447745,0.534514539787,1.0
26,"[[86, 77, 11, 134, 26, 20], [87, 143, 58, 26, 68, 12], [135, 16, 84, 95, 26, 58], [21, 140, 83, 65, 14, 26]]","[26, 84, 33, 23]",4,166,41.5,84,"[0.2708333333333333, 0.2708333333333333, 1.0, 1.0, 0.4024390243902439, 0.4024390243902439, 0.27380952380952384, 0.27380952380952384]",8,3.89416376307,0.486770470383,1.0
27,"[[14, 51, 143, 81, 27, 20], [27, 145, 85, 99, 51, 8], [51, 17, 81, 27, 133, 101], [27, 2, 82, 75, 137, 102], [27, 15, 70, 58, 101, 151]]","[75, 31, 54, 37, 36]",5,233,46.6,75,"[0.8823529411764706, 0.8823529411764706, 0.3780487804878049, 0.3780487804878049, 0.5192307692307693, 0.5192307692307693, 0.4157303370786517, 0.4157303370786517, 0.972972972972973]",9,5.36369862892,0.595966514324,0.972972972973
28,"[[53, 1, 28, 79, 100, 152], [21, 16, 28, 94, 153, 86], [152, 86, 6, 81, 98, 28], [86, 28, 94, 11, 62, 124]]","[65, 25, 45, 88]",4,223,55.75,88,"[0.6310679611650486, 0.6310679611650486, 0.7575757575757576, 0.3488372093023256, 0.946236559139785, 0.946236559139785]",6,4.26102200749,0.710170334581,0.94623655914
29,"[[73, 29, 86, 10, 63, 136], [21, 29, 18, 78, 102, 124], [157, 29, 66, 85, 22, 74], [11, 49, 83, 29, 99, 121], [9, 98, 29, 72, 59, 135], [15, 63, 154, 99, 29, 76]]","[76, 100, 47, 0, 10, 7]",6,240,40.0,100,"[1.0, 1.0, 0.5780346820809249, 0.49473684210526314, 0.49473684210526314, 0.0, 0.12048192771084337, 0.12048192771084337, 0.1]",9,3.90847222171,0.434274691301,1.0
30,"[[30, 74, 135, 47, 104, 14], [13, 102, 30, 19, 147, 65], [66, 15, 126, 30, 85, 68], [85, 3, 30, 154, 60, 90], [30, 87, 141, 100, 18, 54], [60, 78, 8, 93, 30, 138]]","[82, 6, 0, 12, 63, 69]",6,232,38.6666666667,82,"[0.8913043478260869, 0.8913043478260869, 1.0, 0.0, 0.0, 0.1791044776119403, 0.38650306748466257, 0.8734177215189873, 0.8734177215189873]",9,5.09505168379,0.566116853754,1.0
31,"[[94, 77, 59, 31, 6, 125], [22, 89, 83, 31, 139, 15], [90, 15, 57, 131, 31, 76], [31, 95, 64, 16, 137, 87], [5, 31, 77, 20, 83, 123], [68, 31, 12, 69, 136, 84], [46, 31, 65, 1, 78, 143]]","[0, 31, 14, 48, 74, 10, 0]",7,177,25.2857142857,74,"[0.0, 0.0, 0.9393939393939394, 1.0, 0.4485981308411215, 0.4485981308411215, 0.8409090909090909, 0.8409090909090909, 0.10989010989010989, 0.10989010989010989, 0.0]",11,4.73818860267,0.430744418425,1.0
32,"[[66, 140, 103, 32, 74, 1], [69, 103, 32, 137, 3, 52], [93, 75, 133, 32, 63, 5], [32, 92, 61, 145, 5, 49]]","[37, 36, 86, 46]",4,205,51.25,86,"[0.4111111111111111, 0.4111111111111111, 0.5, 0.5, 0.86, 0.86, 0.92]",7,4.46222222222,0.63746031746,0.92
33,"[[49, 87, 13, 52, 149, 33], [80, 99, 121, 48, 33, 14], [132, 53, 70, 33, 4, 103], [80, 150, 66, 94, 17, 33]]","[88, 73, 49, 0]",4,210,52.5,88,"[1.0, 1.0, 0.6239316239316239, 0.6239316239316239, 0.5157894736842106, 0.5157894736842106, 0.0]",7,4.27944219523,0.611348885033,1.0
34,"[[96, 60, 147, 83, 34, 76], [123, 80, 7, 89, 56, 34], [95, 13, 49, 66, 34, 147], [82, 19, 56, 97, 34, 125], [7, 88, 91, 79, 144, 34]]","[29, 44, 0, 83, 32]",5,188,37.6,83,"[0.5686274509803921, 0.5116279069767442, 0.5116279069767442, 0.0, 0.6287878787878788, 0.26229508196721313]",6,2.48296622569,0.413827704281,0.628787878788
35,"[[96, 88, 35, 71, 4, 146], [4, 81, 35, 153, 104, 51], [35, 6, 88, 89, 81, 142], [76, 104, 35, 9, 132, 56]]","[87, 62, 100, 72]",4,321,80.25,100,"[0.8613861386138614, 0.8613861386138614, 0.7294117647058823, 0.7294117647058823, 0.625, 0.4186046511627907]",6,4.2252004578,0.7042000763,0.861386138614
36,"[[15, 36, 94, 73, 66, 140], [63, 6, 22, 157, 77, 36], [101, 83, 36, 127, 52, 13], [96, 36, 7, 55, 147, 46], [74, 133, 51, 10, 36, 104], [65, 144, 7, 78, 83, 36]]","[4, 84, 87, 44, 18, 25]",6,262,43.6666666667,87,"[0.06557377049180328, 1.0, 1.0, 1.0, 1.0, 0.4536082474226804, 0.4536082474226804, 0.2857142857142857, 0.25252525252525254, 0.25252525252525254]",10,5.7635550561,0.57635550561,1.0
37,"[[69, 54, 150, 9, 37, 97], [37, 136, 17, 77, 84, 52], [14, 37, 20, 104, 80, 138], [37, 9, 134, 65, 76, 89], [53, 144, 47, 77, 37, 14]]","[8, 43, 43, 46, 96]",5,236,47.2,96,"[0.18181818181818182, 0.44329896907216493, 0.44329896907216493, 0.4942528735632184, 0.4942528735632184, 0.5897435897435898, 0.5897435897435898, 0.5217391304347826]",8,3.75814817701,0.469768522126,0.589743589744
38,"[[91, 38, 79, 88, 156, 19], [38, 93, 61, 47, 7, 123], [104, 142, 69, 2, 63, 38], [2, 125, 49, 38, 73, 92], [20, 38, 65, 5, 158, 89]]","[66, 59, 4, 0, 83]",5,212,42.4,83,"[0.7252747252747253, 0.7252747252747253, 0.6704545454545454, 0.6704545454545454, 0.0425531914893617, 0.0425531914893617, 0.0, 0.0, 0.46368715083798884]",9,3.34025207528,0.371139119475,0.725274725275
39,"[[49, 104, 4, 132, 52, 39], [50, 60, 72, 39, 154, 67], [125, 60, 39, 10, 102, 79], [46, 39, 6, 58, 122, 79], [86, 124, 60, 48, 39, 21], [131, 58, 97, 15, 82, 39]]","[4, 21, 50, 37, 6, 0]",6,118,19.6666666667,50,"[0.05063291139240506, 0.05063291139240506, 0.22826086956521738, 0.22826086956521738, 0.6493506493506493, 0.6493506493506493, 0.5211267605633803, 0.5211267605633803, 0.15, 0.0]",10,3.04874238174,0.304874238174,0.649350649351
40,"[[136, 40, 81, 17, 101, 51], [40, 49, 100, 152, 12, 53], [12, 40, 141, 65, 70, 101], [63, 140, 40, 88, 5, 69], [130, 47, 22, 102, 40, 13]]","[13, 43, 23, 76, 0]",5,155,31.0,76,"[0.17105263157894737, 0.17105263157894737, 0.5443037974683544, 0.5443037974683544, 0.24731182795698925, 0.24731182795698925, 0.6495726495726496, 0.6495726495726496, 0.0, 0.0]",10,3.22448181315,0.322448181315,0.649572649573
41,"[[3, 76, 41, 47, 127, 65], [53, 99, 155, 41, 2, 79], [75, 151, 16, 64, 41, 91], [125, 73, 53, 1, 87, 41], [75, 98, 41, 145, 82, 59], [126, 67, 41, 18, 100, 85], [78, 8, 93, 61, 143, 41]]","[34, 14, 0, 56, 51, 18, 12]",7,185,26.4285714286,56,"[0.8095238095238095, 0.2641509433962264, 0.0, 0.0, 0.717948717948718, 0.717948717948718, 0.4636363636363636, 0.4636363636363636, 0.2465753424657534, 0.2465753424657534, 0.14634146341463414, 0.14634146341463414]",12,4.22267852785,0.351889877321,0.809523809524
42,"[[101, 51, 42, 150, 88, 16], [5, 143, 103, 72, 42, 82], [144, 2, 96, 54, 50, 42], [42, 102, 62, 74, 8, 156], [156, 60, 99, 17, 75, 42]]","[64, 40, 18, 54, 13]",5,189,37.8,64,"[0.7272727272727273, 0.7272727272727273, 0.4878048780487805, 0.4878048780487805, 0.3673469387755102, 0.6428571428571429, 0.6428571428571429, 0.13131313131313133, 0.13131313131313133]",9,4.34584269776,0.482871410862,0.727272727273
43,"[[94, 65, 129, 20, 83, 43], [98, 126, 43, 82, 18, 55], [71, 95, 130, 16, 43, 54], [43, 103, 4, 70, 158, 53], [155, 72, 1, 67, 56, 43]]","[29, 20, 91, 50, 0]",5,190,38.0,91,"[0.3118279569892473, 0.3118279569892473, 0.21739130434782608, 0.21739130434782608, 0.9479166666666666, 0.9479166666666666, 0.5494505494505495, 0.5494505494505495, 0.0, 0.0]",10,4.05317295491,0.405317295491,0.947916666667
44,"[[96, 74, 44, 59, 151, 88], [44, 74, 53, 84, 127, 98], [146, 47, 7, 71, 60, 44], [77, 10, 44, 50, 129, 93], [1, 96, 129, 57, 44, 81], [9, 57, 149, 73, 44, 104]]","[76, 41, 92, 81, 76, 72]",6,438,73.0,92,"[0.8539325842696629, 0.8539325842696629, 0.4606741573033708, 0.4606741573033708, 1.0, 1.0, 1.0, 1.0, 0.5241379310344828, 0.7128712871287128, 0.7128712871287128]",11,8.57909398844,0.779917635313,1.0
45,"[[45, 22, 5, 93, 56, 144], [141, 12, 84, 100, 45, 48], [46, 45, 56, 86, 148, 16], [59, 100, 152, 18, 87, 45], [139, 46, 52, 45, 11, 74]]","[14, 83, 51, 90, 78]",5,316,63.2,90,"[0.2545454545454545, 1.0, 1.0, 0.5730337078651685, 0.5730337078651685, 0.9782608695652174, 0.9782608695652174, 0.5379310344827586]",8,5.89506564389,0.736883205486,1.0
46,"[[9, 97, 59, 46, 142, 23], [46, 45, 56, 86, 148, 16], [46, 39, 6, 58, 122, 79], [96, 36, 7, 55, 147, 46], [46, 31, 65, 1, 78, 143], [139, 46, 52, 45, 11, 74]]","[83, 46, 0, 90, 0, 58]",6,277,46.1666666667,90,"[1.0, 1.0, 0.5287356321839081, 0.5287356321839081, 0.0, 0.0, 1.0, 1.0, 0.0, 0.5918367346938775, 0.5918367346938775]",11,6.24114473376,0.567376793978,1.0
47,"[[3, 76, 41, 47, 127, 65], [57, 25, 128, 2, 47, 93], [30, 74, 135, 47, 104, 14], [146, 47, 7, 71, 60, 44], [38, 93, 61, 47, 7, 123], [130, 47, 22, 102, 40, 13], [53, 144, 47, 77, 37, 14]]","[71, 0, 15, 46, 54, 13, 0]",7,199,28.4285714286,71,"[0.5298507462686567, 0.0, 0.0, 0.1595744680851064, 0.1595744680851064, 0.5476190476190477, 0.5476190476190477, 0.6666666666666666, 0.6666666666666666, 0.14130434782608695, 0.14130434782608695, 0.0, 0.0]",13,3.56017980666,0.273859985128,0.666666666667
48,"[[141, 12, 84, 100, 45, 48], [80, 99, 121, 48, 33, 14], [86, 124, 60, 48, 39, 21]]","[52, 30, 0]",3,82,27.3333333333,52,"[0.5591397849462365, 0.5591397849462365, 0.297029702970297, 0.297029702970297, 0.0, 0.0]",6,1.71233897583,0.285389829306,0.559139784946
49,"[[49, 104, 4, 132, 52, 39], [49, 87, 13, 52, 149, 33], [40, 49, 100, 152, 12, 53], [95, 13, 49, 66, 34, 147], [11, 49, 83, 29, 99, 121], [2, 125, 49, 38, 73, 92], [32, 92, 61, 145, 5, 49], [23, 1, 100, 139, 49, 52]]","[69, 44, 50, 0, 0, 21, 39, 23]",8,246,30.75,69,"[0.7419354838709677, 0.7419354838709677, 0.4835164835164835, 0.4835164835164835, 0.5319148936170213, 0.5319148936170213, 0.0, 0.0, 0.19626168224299065, 0.19626168224299065, 0.4642857142857143, 0.4642857142857143, 0.25, 0.25]",14,5.33582851507,0.381130608219,0.741935483871
50,"[[50, 60, 72, 39, 154, 67], [144, 2, 96, 54, 50, 42], [19, 73, 50, 96, 10, 148], [77, 10, 44, 50, 129, 93]]","[60, 87, 59, 85]",4,291,72.75,87,"[0.7142857142857143, 0.7142857142857143, 0.8787878787878788, 0.8787878787878788, 0.5363636363636364, 0.5363636363636364, 1.0, 1.0]",8,6.25887445887,0.782359307359,1.0
51,"[[14, 51, 143, 81, 27, 20], [101, 51, 42, 150, 88, 16], [27, 145, 85, 99, 51, 8], [136, 40, 81, 17, 101, 51], [51, 17, 81, 27, 133, 101], [4, 81, 35, 153, 104, 51], [74, 133, 51, 10, 36, 104]]","[67, 0, 2, 80, 12, 42, 64]",7,267,38.1428571429,80,"[0.7362637362637363, 0.7362637362637363, 0.0, 0.0, 0.025974025974025976, 0.025974025974025976, 0.54421768707483, 0.1643835616438356, 0.1643835616438356, 0.40384615384615385, 0.40384615384615385, 0.9411764705882353]",12,4.14632911312,0.345527426093,0.941176470588
52,"[[49, 104, 4, 132, 52, 39], [49, 87, 13, 52, 149, 33], [69, 103, 32, 137, 3, 52], [37, 136, 17, 77, 84, 52], [101, 83, 36, 127, 52, 13], [139, 46, 52, 45, 11, 74], [23, 1, 100, 139, 49, 52]]","[89, 87, 48, 54, 36, 11, 15]",7,340,48.5714285714,89,"[1.0, 1.0, 0.8055555555555556, 0.8055555555555556, 0.3779527559055118, 0.4778761061946903, 0.4778761061946903, 0.4675324675324675, 0.4675324675324675, 0.14285714285714285, 0.14285714285714285, 0.20833333333333334, 0.20833333333333334]",13,6.58226196685,0.506327843604,1.0
53,"[[53, 99, 155, 41, 2, 79], [44, 74, 53, 84, 127, 98], [40, 49, 100, 152, 12, 53], [53, 1, 28, 79, 100, 152], [125, 73, 53, 1, 87, 41], [132, 53, 70, 33, 4, 103], [43, 103, 4, 70, 158, 53], [53, 144, 47, 77, 37, 14]]","[41, 50, 0, 61, 38, 31, 0, 56]",8,277,34.625,61,"[0.7454545454545455, 0.4807692307692308, 0.4807692307692308, 0.0, 0.648936170212766, 0.648936170212766, 0.36893203883495146, 0.36893203883495146, 0.34444444444444444, 0.34444444444444444, 0.0, 0.6746987951807228, 0.6746987951807228]",13,5.78101590434,0.444693531103,0.745454545455
54,"[[69, 54, 150, 9, 37, 97], [144, 2, 96, 54, 50, 42], [71, 95, 130, 16, 43, 54], [30, 87, 141, 100, 18, 54]]","[29, 78, 14, 0]",4,121,30.25,78,"[0.3258426966292135, 0.3258426966292135, 0.8387096774193549, 0.8387096774193549, 0.1320754716981132, 0.1320754716981132, 0.0, 0.0]",8,2.59325569149,0.324156961437,0.838709677419
55,"[[155, 95, 76, 55, 24, 3], [98, 126, 43, 82, 18, 55], [76, 23, 55, 152, 4, 90], [96, 36, 7, 55, 147, 46]]","[38, 28, 71, 62]",4,199,49.75,71,"[0.30158730158730157, 0.3111111111111111, 0.3111111111111111, 0.8160919540229885, 0.8160919540229885, 0.4025974025974026]",6,2.95859083445,0.493098472409,0.816091954023
56,"[[23, 14, 70, 133, 56, 89], [45, 22, 5, 93, 56, 144], [123, 80, 7, 89, 56, 34], [46, 45, 56, 86, 148, 16], [82, 19, 56, 97, 34, 125], [155, 72, 1, 67, 56, 43], [76, 104, 35, 9, 132, 56]]","[10, 0, 19, 1, 96, 63, 87]",7,276,39.4285714286,96,"[0.11764705882352941, 0.11764705882352941, 0.0, 0.0, 0.2714285714285714, 0.012195121951219513, 0.012195121951219513, 0.6357615894039735, 0.9, 0.5723684210526315]",10,2.63924294343,0.263924294343,0.9
57,"[[57, 25, 128, 2, 47, 93], [90, 15, 57, 131, 31, 76], [1, 96, 129, 57, 44, 81], [25, 57, 101, 84, 71, 127], [9, 57, 149, 73, 44, 104]]","[47, 0, 0, 81, 23]",5,151,30.2,81,"[0.5164835164835165, 0.5164835164835165, 0.0, 0.0, 0.0, 0.8901098901098901, 0.8901098901098901, 0.23, 0.23]",9,3.27318681319,0.363687423687,0.89010989011
58,"[[10, 132, 71, 58, 85, 90], [87, 143, 58, 26, 68, 12], [46, 39, 6, 58, 122, 79], [135, 16, 84, 95, 26, 58], [131, 58, 97, 15, 82, 39], [27, 15, 70, 58, 101, 151]]","[31, 37, 86, 90, 45, 90]",6,379,63.1666666667,90,"[0.3163265306122449, 0.3163265306122449, 0.38144329896907214, 0.38144329896907214, 1.0, 1.0, 0.8737864077669902, 0.8737864077669902, 0.5232558139534884, 0.5232558139534884, 0.9375, 0.9375]",12,8.0646241026,0.67205200855,1.0
59,"[[96, 74, 44, 59, 151, 88], [94, 77, 59, 31, 6, 125], [9, 97, 59, 46, 142, 23], [103, 23, 134, 10, 80, 59], [75, 98, 41, 145, 82, 59], [9, 98, 29, 72, 59, 135], [59, 100, 152, 18, 87, 45]]","[53, 74, 51, 69, 66, 56, 1]",7,370,52.8571428571,74,"[0.5888888888888889, 0.5888888888888889, 0.6324786324786325, 0.6324786324786325, 0.5151515151515151, 0.5151515151515151, 0.6330275229357798, 0.6330275229357798, 0.7586206896551724, 0.7586206896551724, 0.5656565656565656, 0.5656565656565656, 0.013157894736842105, 0.013157894736842105]",14,7.41396341901,0.529568815643,0.758620689655
60,"[[96, 60, 147, 83, 34, 76], [50, 60, 72, 39, 154, 67], [125, 60, 39, 10, 102, 79], [146, 47, 7, 71, 60, 44], [86, 124, 60, 48, 39, 21], [156, 60, 99, 17, 75, 42], [85, 3, 30, 154, 60, 90], [60, 78, 8, 93, 30, 138]]","[62, 65, 44, 66, 26, 0, 48, 52]",8,363,45.375,66,"[0.4217687074829932, 0.6989247311827957, 0.6989247311827957, 0.46808510638297873, 0.46808510638297873, 0.48175182481751827, 0.23636363636363636, 0.23636363636363636, 0.0, 0.0, 0.5393258426966292, 0.5393258426966292, 0.5842696629213483, 0.5842696629213483]",14,5.9574584914,0.425532749385,0.698924731183
61,"[[25, 61, 152, 91, 80, 17], [156, 25, 61, 78, 95, 19], [38, 93, 61, 47, 7, 123], [3, 154, 89, 61, 20, 23], [32, 92, 61, 145, 5, 49], [78, 8, 93, 61, 143, 41]]","[27, 14, 57, 27, 86, 49]",6,260,43.3333333333,86,"[0.2967032967032967, 0.2967032967032967, 0.16091954022988506, 0.16091954022988506, 0.76, 0.76, 0.28125, 0.28125, 0.8037383177570093, 0.8037383177570093, 0.5764705882352941, 0.5764705882352941]",12,5.75816348585,0.479846957154,0.803738317757
62,"[[11, 21, 92, 122, 25, 62], [62, 78, 11, 149, 24, 92], [42, 102, 62, 74, 8, 156], [86, 28, 94, 11, 62, 124]]","[65, 0, 0, 0]",4,65,16.25,65,"[0.6372549019607843, 0.6372549019607843, 0.0, 0.0, 0.0, 0.0]",6,1.27450980392,0.212418300654,0.637254901961
63,"[[73, 29, 86, 10, 63, 136], [63, 6, 22, 157, 77, 36], [93, 75, 133, 32, 63, 5], [63, 140, 40, 88, 5, 69], [104, 142, 69, 2, 63, 38], [15, 63, 154, 99, 29, 76]]","[35, 30, 53, 40, 0, 0]",6,158,26.3333333333,53,"[0.39325842696629215, 0.39325842696629215, 0.23076923076923078, 0.9636363636363636, 0.7692307692307693, 0.0, 0.0, 0.0, 0.0]",9,2.75015321757,0.30557257973,0.963636363636
64,"[[75, 151, 16, 64, 41, 91], [8, 78, 67, 158, 24, 64], [31, 95, 64, 16, 137, 87], [3, 64, 73, 90, 24, 128]]","[62, 31, 14, 0]",4,107,26.75,62,"[0.6888888888888889, 0.6888888888888889, 0.6326530612244898, 0.15730337078651685, 0.15730337078651685, 0.0]",6,2.32503758058,0.387506263429,0.688888888889
65,"[[3, 76, 41, 47, 127, 65], [94, 65, 129, 20, 83, 43], [13, 102, 30, 19, 147, 65], [12, 40, 141, 65, 70, 101], [37, 9, 134, 65, 76, 89], [21, 140, 83, 65, 14, 26], [65, 144, 7, 78, 83, 36], [46, 31, 65, 1, 78, 143], [20, 38, 65, 5, 158, 89]]","[59, 55, 43, 0, 0, 26, 1, 0, 93]",9,277,30.7777777778,93,"[0.5, 0.5, 0.6395348837209303, 0.6395348837209303, 0.5119047619047619, 0.5119047619047619, 0.0, 0.0, 0.0, 0.0, 0.2736842105263158, 0.2736842105263158, 1.0, 0.0, 1.0, 1.0]",16,6.8502477123,0.428140482019,1.0
66,"[[66, 140, 103, 32, 74, 1], [15, 36, 94, 73, 66, 140], [95, 13, 49, 66, 34, 147], [157, 29, 66, 85, 22, 74], [66, 15, 126, 30, 85, 68], [80, 150, 66, 94, 17, 33]]","[29, 72, 0, 56, 5, 0]",6,162,27.0,72,"[0.3118279569892473, 0.3118279569892473, 0.8571428571428571, 0.8571428571428571, 0.0, 0.5773195876288659, 0.5773195876288659, 1.0, 0.0, 0.0]",10,4.49258080352,0.449258080352,1.0
67,"[[50, 60, 72, 39, 154, 67], [8, 78, 67, 158, 24, 64], [126, 67, 41, 18, 100, 85], [155, 72, 1, 67, 56, 43]]","[35, 78, 81, 18]",4,212,53.0,81,"[0.3333333333333333, 0.3333333333333333, 0.5652173913043478, 0.7363636363636363, 0.7363636363636363, 0.18, 0.18]",7,3.0646113307,0.437801618671,0.736363636364
68,"[[87, 143, 58, 26, 68, 12], [66, 15, 126, 30, 85, 68], [68, 31, 12, 69, 136, 84]]","[74, 0, 58]",3,132,44.0,74,"[0.8131868131868132, 0.8131868131868132, 0.0, 0.0, 0.6105263157894737, 0.6105263157894737]",6,2.84742625795,0.474571042992,0.813186813187
69,"[[69, 54, 150, 9, 37, 97], [69, 103, 32, 137, 3, 52], [63, 140, 40, 88, 5, 69], [104, 142, 69, 2, 63, 38], [68, 31, 12, 69, 136, 84]]","[16, 100, 87, 87, 87]",5,377,75.4,100,"[0.18823529411764706, 0.18823529411764706, 1.0, 1.0, 1.0, 1.0, 1.0, 1.0, 0.5723684210526315]",9,6.94883900929,0.772093223254,1.0
70,"[[23, 14, 70, 133, 56, 89], [12, 40, 141, 65, 70, 101], [132, 53, 70, 33, 4, 103], [43, 103, 4, 70, 158, 53], [27, 15, 70, 58, 101, 151]]","[23, 0, 33, 46, 40]",5,142,28.4,46,"[0.22772277227722773, 0.22772277227722773, 0.0, 0.0, 0.4647887323943662, 0.4647887323943662, 0.4842105263157895, 0.4842105263157895, 0.5263157894736842, 0.5263157894736842]",10,3.40607564092,0.340607564092,0.526315789474
71,"[[10, 132, 71, 58, 85, 90], [96, 88, 35, 71, 4, 146], [146, 47, 7, 71, 60, 44], [71, 95, 130, 16, 43, 54], [25, 57, 101, 84, 71, 127]]","[34, 79, 27, 26, 90]",5,256,51.2,90,"[0.39080459770114945, 0.39080459770114945, 0.8404255319148937, 0.8404255319148937, 0.3333333333333333, 0.3333333333333333, 0.5098039215686274, 0.5172413793103449]",8,4.15617222678,0.519521528347,0.840425531915
72,"[[50, 60, 72, 39, 154, 67], [5, 143, 103, 72, 42, 82], [9, 98, 29, 72, 59, 135], [155, 72, 1, 67, 56, 43]]","[15, 71, 83, 89]",4,258,64.5,89,"[0.17647058823529413, 0.17647058823529413, 0.7717391304347826, 0.7717391304347826, 1.0, 1.0, 1.0, 1.0]",8,5.89641943734,0.737052429668,1.0
73,"[[73, 29, 86, 10, 63, 136], [15, 36, 94, 73, 66, 140], [125, 73, 53, 1, 87, 41], [19, 73, 50, 96, 10, 148], [2, 125, 49, 38, 73, 92], [3, 64, 73, 90, 24, 128], [9, 57, 149, 73, 44, 104]]","[17, 40, 71, 32, 55, 29, 17]",7,261,37.2857142857,71,"[0.19318181818181818, 0.19318181818181818, 0.36363636363636365, 0.36363636363636365, 0.7634408602150538, 0.7634408602150538, 0.34408602150537637, 0.34408602150537637, 0.6470588235294118, 0.6470588235294118, 0.25663716814159293, 0.25663716814159293, 0.1559633027522936, 0.1559633027522936]",14,5.44800871592,0.389143479709,0.763440860215
74,"[[96, 74, 44, 59, 151, 88], [66, 140, 103, 32, 74, 1], [44, 74, 53, 84, 127, 98], [30, 74, 135, 47, 104, 14], [157, 29, 66, 85, 22, 74], [42, 102, 62, 74, 8, 156], [74, 133, 51, 10, 36, 104], [139, 46, 52, 45, 11, 74]]","[39, 55, 44, 58, 59, 0, 44, 57]",8,356,44.5,59,"[0.4431818181818182, 0.4431818181818182, 0.5445544554455446, 0.5445544554455446, 0.6470588235294118, 0.6744186046511628, 0.6744186046511628, 0.5221238938053098, 0.5221238938053098, 0.0, 0.0, 0.43137254901960786, 0.43137254901960786, 0.7916666666666666, 0.7916666666666666]",15,7.46169479907,0.497446319938,0.791666666667
75,"[[75, 151, 16, 64, 41, 91], [93, 75, 133, 32, 63, 5], [75, 98, 41, 145, 82, 59], [156, 60, 99, 17, 75, 42], [27, 2, 82, 75, 137, 102]]","[17, 87, 18, 87, 89]",5,298,59.6,89,"[0.17525773195876287, 0.17525773195876287, 0.7016129032258065, 0.20930232558139536, 0.20930232558139536, 0.7565217391304347, 0.7565217391304347, 0.839622641509434, 0.839622641509434]",9,4.66302177959,0.518113531065,0.839622641509
76,"[[3, 76, 41, 47, 127, 65], [96, 60, 147, 83, 34, 76], [155, 95, 76, 55, 24, 3], [90, 15, 57, 131, 31, 76], [76, 23, 55, 152, 4, 90], [37, 9, 134, 65, 76, 89], [15, 63, 154, 99, 29, 76], [76, 104, 35, 9, 132, 56]]","[85, 59, 76, 0, 19, 43, 90, 61]",8,433,54.125,90,"[0.5782312925170068, 0.5, 0.5, 0.6440677966101694, 0.6440677966101694, 0.0, 0.30158730158730157, 0.43434343434343436, 0.43434343434343436, 1.0, 1.0, 0.6224489795918368, 0.6224489795918368]",13,7.2815390152,0.560118385784,1.0
77,"[[94, 77, 59, 31, 6, 125], [63, 6, 22, 157, 77, 36], [86, 77, 11, 134, 26, 20], [37, 136, 17, 77, 84, 52], [77, 10, 44, 50, 129, 93], [5, 31, 77, 20, 83, 123], [53, 144, 47, 77, 37, 14]]","[87, 12, 31, 45, 58, 57, 71]",7,361,51.5714285714,87,"[0.9456521739130435, 0.9456521739130435, 0.14285714285714285, 0.14285714285714285, 0.36046511627906974, 0.36046511627906974, 0.47368421052631576, 0.47368421052631576, 1.0, 0.6333333333333333, 0.6333333333333333, 0.6574074074074074, 0.6574074074074074]",13,7.42679876863,0.571292212972,1.0
78,"[[156, 25, 61, 78, 95, 19], [21, 29, 18, 78, 102, 124], [8, 78, 67, 158, 24, 64], [62, 78, 11, 149, 24, 92], [78, 8, 93, 61, 143, 41], [60, 78, 8, 93, 30, 138], [65, 144, 7, 78, 83, 36], [46, 31, 65, 1, 78, 143]]","[0, 88, 69, 0, 37, 47, 17, 4]",8,262,32.75,88,"[0.0, 0.0, 0.6984126984126984, 0.8414634146341463, 0.8414634146341463, 0.0, 0.4157303370786517, 0.4157303370786517, 0.5164835164835165, 0.5164835164835165, 0.2786885245901639, 0.043010752688172046, 0.043010752688172046]",13,4.61047726477,0.35465209729,0.841463414634
79,"[[53, 99, 155, 41, 2, 79], [91, 38, 79, 88, 156, 19], [125, 60, 39, 10, 102, 79], [53, 1, 28, 79, 100, 152], [46, 39, 6, 58, 122, 79], [7, 88, 91, 79, 144, 34]]","[91, 90, 0, 50, 70, 78]",6,379,63.1666666667,91,"[0.7165354330708661, 0.9090909090909091, 0.9090909090909091, 0.0, 0.5747126436781609, 0.5747126436781609, 0.5072463768115942, 0.45348837209302323]",8,4.64487728751,0.580609660939,0.909090909091
80,"[[25, 61, 152, 91, 80, 17], [123, 80, 7, 89, 56, 34], [80, 99, 121, 48, 33, 14], [103, 23, 134, 10, 80, 59], [14, 37, 20, 104, 80, 138], [80, 150, 66, 94, 17, 33]]","[25, 8, 36, 17, 76, 67]",6,229,38.1666666667,76,"[0.27472527472527475, 0.27472527472527475, 0.1509433962264151, 0.4090909090909091, 0.4090909090909091, 0.18681318681318682, 0.18681318681318682, 1.0, 1.0, 0.5775862068965517, 0.5775862068965517]",11,5.04737455128,0.458852231934,1.0
81,"[[14, 51, 143, 81, 27, 20], [136, 40, 81, 17, 101, 51], [4, 81, 35, 153, 104, 51], [51, 17, 81, 27, 133, 101], [1, 96, 129, 57, 44, 81], [152, 86, 6, 81, 98, 28], [35, 6, 88, 89, 81, 142]]","[75, 33, 63, 23, 42, 18, 81]",7,335,47.8571428571,81,"[0.8823529411764706, 0.8823529411764706, 0.3793103448275862, 0.3793103448275862, 0.5779816513761468, 0.5779816513761468, 0.27058823529411763, 0.27058823529411763, 0.46153846153846156, 0.46153846153846156, 0.16981132075471697, 0.16981132075471697, 0.9642857142857143, 0.9642857142857143]",14,7.41173733851,0.529409809893,0.964285714286
82,"[[5, 143, 103, 72, 42, 82], [98, 126, 43, 82, 18, 55], [75, 98, 41, 145, 82, 59], [82, 19, 56, 97, 34, 125], [27, 2, 82, 75, 137, 102], [131, 58, 97, 15, 82, 39]]","[70, 71, 86, 100, 0, 54]",6,381,63.5,100,"[0.6666666666666666, 0.6666666666666666, 0.7029702970297029, 0.7029702970297029, 1.0, 1.0, 0.6134969325153374, 0.0, 0.0, 0.675, 0.675]",11,6.70277085991,0.609342805446,1.0
83,"[[96, 60, 147, 83, 34, 76], [94, 65, 129, 20, 83, 43], [22, 89, 83, 31, 139, 15], [11, 49, 83, 29, 99, 121], [101, 83, 36, 127, 52, 13], [21, 140, 83, 65, 14, 26], [5, 31, 77, 20, 83, 123], [65, 144, 7, 78, 83, 36]]","[63, 70, 27, 6, 84, 33, 72, 89]",8,444,55.5,89,"[0.4701492537313433, 0.7291666666666666, 0.7291666666666666, 1.0, 0.24, 1.0, 1.0, 0.36666666666666664, 0.36666666666666664, 0.8181818181818182, 0.8181818181818182, 0.956989247311828, 0.956989247311828]",13,9.45215805139,0.727089080876,1.0
84,"[[141, 12, 84, 100, 45, 48], [44, 74, 53, 84, 127, 98], [37, 136, 17, 77, 84, 52], [135, 16, 84, 95, 26, 58], [25, 57, 101, 84, 71, 127], [68, 31, 12, 69, 136, 84]]","[54, 12, 55, 75, 65, 91]",6,352,58.6666666667,91,"[0.5192307692307693, 0.5192307692307693, 0.13953488372093023, 0.13953488372093023, 0.5339805825242718, 0.5339805825242718, 0.8426966292134831, 0.8426966292134831, 0.4276315789473684, 0.5229885057471264]",10,5.02150581407,0.502150581407,0.842696629213
85,"[[10, 132, 71, 58, 85, 90], [27, 145, 85, 99, 51, 8], [157, 29, 66, 85, 22, 74], [66, 15, 126, 30, 85, 68], [85, 3, 30, 154, 60, 90], [25, 85, 19, 18, 122, 90], [126, 67, 41, 18, 100, 85]]","[51, 54, 50, 41, 75, 62, 93]",7,426,60.8571428571,93,"[0.7285714285714285, 0.6206896551724138, 0.6206896551724138, 0.5263157894736842, 0.5263157894736842, 0.5324675324675324, 0.5324675324675324, 0.9868421052631579, 0.9868421052631579, 1.0, 1.0, 1.0]",12,9.06120159333,0.755100132777,1.0
86,"[[73, 29, 86, 10, 63, 136], [86, 77, 11, 134, 26, 20], [46, 45, 56, 86, 148, 16], [86, 124, 60, 48, 39, 21], [21, 16, 28, 94, 153, 86], [152, 86, 6, 81, 98, 28], [86, 28, 94, 11, 62, 124]]","[24, 58, 45, 89, 92, 100, 49]",7,457,65.2857142857,100,"[0.2727272727272727, 0.2727272727272727, 0.6444444444444445, 0.6444444444444445, 0.5421686746987951, 0.5421686746987951, 1.0, 1.0, 0.8679245283018868, 0.8679245283018868, 0.5347593582887701, 0.4224137931034483, 0.4224137931034483]",13,8.03411678484,0.618008983449,1.0
87,"[[49, 87, 13, 52, 149, 33], [125, 73, 53, 1, 87, 41], [87, 143, 58, 26, 68, 12], [31, 95, 64, 16, 137, 87], [59, 100, 152, 18, 87, 45], [30, 87, 141, 100, 18, 54]]","[65, 78, 39, 13, 41, 29]",6,265,44.1666666667,78,"[0.8125, 0.8125, 0.7027027027027027, 0.7027027027027027, 0.4482758620689655, 0.4482758620689655, 0.1262135922330097, 0.1262135922330097, 0.4606741573033708, 0.4606741573033708, 0.2636363636363636, 0.2636363636363636]",12,5.62800535589,0.469000446324,0.8125
88,"[[96, 74, 44, 59, 151, 88], [101, 51, 42, 150, 88, 16], [91, 38, 79, 88, 156, 19], [96, 88, 35, 71, 4, 146], [63, 140, 40, 88, 5, 69], [7, 88, 91, 79, 144, 34], [35, 6, 88, 89, 81, 142]]","[60, 54, 28, 28, 91, 13, 26]",7,300,42.8571428571,91,"[0.5263157894736842, 0.5263157894736842, 0.6067415730337079, 0.6067415730337079, 0.3111111111111111, 0.3111111111111111, 0.32558139534883723, 0.32558139534883723, 1.0, 1.0, 0.14772727272727273, 0.14772727272727273, 0.2765957446808511, 0.2765957446808511]",14,6.38814577275,0.456296126625,1.0
89,"[[23, 14, 70, 133, 56, 89], [123, 80, 7, 89, 56, 34], [22, 89, 83, 31, 139, 15], [3, 154, 89, 61, 20, 23], [37, 9, 134, 65, 76, 89], [35, 6, 88, 89, 81, 142], [20, 38, 65, 5, 158, 89]]","[0, 67, 1, 16, 81, 88, 90]",7,343,49.0,90,"[0.0, 0.0, 0.6836734693877551, 0.6836734693877551, 0.015384615384615385, 0.1839080459770115, 0.1839080459770115, 0.75, 0.75, 0.8301886792452831, 0.8301886792452831, 0.5625]",12,5.4734250046,0.456118750384,0.830188679245
90,"[[10, 132, 71, 58, 85, 90], [90, 15, 57, 131, 31, 76], [76, 23, 55, 152, 4, 90], [85, 3, 30, 154, 60, 90], [3, 64, 73, 90, 24, 128], [25, 85, 19, 18, 122, 90]]","[42, 35, 69, 2, 64, 16]",6,228,38.0,69,"[0.4883720930232558, 0.4883720930232558, 0.43209876543209874, 0.43209876543209874, 0.7419354838709677, 0.7419354838709677, 0.021739130434782608, 0.021739130434782608, 0.8421052631578947, 0.8421052631578947, 0.1839080459770115, 0.1839080459770115]",12,5.42031756379,0.451693130316,0.842105263158
91,"[[25, 61, 152, 91, 80, 17], [91, 38, 79, 88, 156, 19], [75, 151, 16, 64, 41, 91], [7, 88, 91, 79, 144, 34]]","[87, 80, 14, 55]",4,236,59.0,87,"[1.0, 1.0, 0.8247422680412371, 0.8247422680412371, 0.15555555555555556, 0.15555555555555556, 0.36423841059602646]",7,4.32483405779,0.617833436827,1.0
92,"[[11, 21, 92, 122, 25, 62], [62, 78, 11, 149, 24, 92], [32, 92, 61, 145, 5, 49], [2, 125, 49, 38, 73, 92]]","[81, 52, 0, 45]",4,178,44.5,81,"[0.9878048780487805, 0.9878048780487805, 0.8, 0.0, 0.0, 0.5357142857142857, 0.5357142857142857]",7,3.84703832753,0.549576903932,0.987804878049
93,"[[45, 22, 5, 93, 56, 144], [57, 25, 128, 2, 47, 93], [93, 75, 133, 32, 63, 5], [38, 93, 61, 47, 7, 123], [77, 10, 44, 50, 129, 93], [78, 8, 93, 61, 143, 41], [60, 78, 8, 93, 30, 138]]","[39, 0, 0, 38, 49, 71, 36]",7,233,33.2857142857,71,"[0.7358490566037735, 0.0, 0.0, 0.0, 0.0, 0.4523809523809524, 0.4523809523809524, 0.5384615384615384, 0.5384615384615384, 0.9342105263157895, 0.9342105263157895, 0.4235294117647059, 0.4235294117647059]",13,5.43301391445,0.417924147265,0.934210526316
94,"[[94, 77, 59, 31, 6, 125], [15, 36, 94, 73, 66, 140], [94, 65, 129, 20, 83, 43], [21, 16, 28, 94, 153, 86], [86, 28, 94, 11, 62, 124], [80, 150, 66, 94, 17, 33]]","[24, 0, 32, 47, 87, 20]",6,210,35.0,87,"[0.25806451612903225, 0.25806451612903225, 0.0, 0.0, 0.35555555555555557, 0.35555555555555557, 0.5108695652173914, 0.5108695652173914, 1.0, 1.0, 0.5882352941176471]",11,4.83721456792,0.439746778902,1.0
95,"[[156, 25, 61, 78, 95, 19], [155, 95, 76, 55, 24, 3], [95, 13, 49, 66, 34, 147], [71, 95, 130, 16, 43, 54], [31, 95, 64, 16, 137, 87], [135, 16, 84, 95, 26, 58]]","[66, 73, 0, 2, 32, 65]",6,238,39.6666666667,73,"[0.7252747252747253, 0.7252747252747253, 0.42196531791907516, 0.0, 0.0, 0.3333333333333333, 0.32989690721649484, 0.32989690721649484, 0.5963302752293578, 0.5963302752293578]",10,4.05830246669,0.405830246669,0.725274725275
96,"[[96, 74, 44, 59, 151, 88], [96, 60, 147, 83, 34, 76], [96, 88, 35, 71, 4, 146], [144, 2, 96, 54, 50, 42], [19, 73, 50, 96, 10, 148], [1, 96, 129, 57, 44, 81], [96, 36, 7, 55, 147, 46]]","[64, 49, 10, 60, 33, 48, 58]",7,322,46.0,64,"[0.6881720430107527, 0.6881720430107527, 0.5833333333333334, 0.5833333333333334, 0.10869565217391304, 0.10869565217391304, 0.43478260869565216, 0.3548387096774194, 0.3548387096774194, 0.4897959183673469, 0.4897959183673469, 0.5686274509803921, 0.5686274509803921]",13,6.02170882378,0.46320837106,0.688172043011
97,"[[9, 97, 59, 46, 142, 23], [69, 54, 150, 9, 37, 97], [82, 19, 56, 97, 34, 125], [131, 58, 97, 15, 82, 39]]","[60, 38, 94, 36]",4,228,57.0,94,"[0.6741573033707865, 0.6741573033707865, 0.9743589743589743, 0.5465116279069767, 0.47368421052631576, 0.47368421052631576]",6,3.81655363006,0.636092271677,0.974358974359
98,"[[44, 74, 53, 84, 127, 98], [98, 126, 43, 82, 18, 55], [75, 98, 41, 145, 82, 59], [9, 98, 29, 72, 59, 135], [152, 86, 6, 81, 98, 28]]","[41, 52, 61, 40, 3]",5,197,39.4,61,"[0.44086021505376344, 0.44086021505376344, 0.5909090909090909, 0.5909090909090909, 0.6559139784946236, 0.6559139784946236, 0.4444444444444444, 0.4444444444444444, 0.03571428571428571, 0.03571428571428571]",10,4.33568402923,0.433568402923,0.655913978495
99,"[[53, 99, 155, 41, 2, 79], [27, 145, 85, 99, 51, 8], [80, 99, 121, 48, 33, 14], [11, 49, 83, 29, 99, 121], [156, 60, 99, 17, 75, 42], [15, 63, 154, 99, 29, 76]]","[89, 78, 18, 23, 76, 82]",6,366,61.0,89,"[0.4708994708994709, 0.7572815533980582, 0.7572815533980582, 0.21428571428571427, 0.21428571428571427, 0.48936170212765956, 1.0, 1.0, 0.82, 0.82]",10,6.54339570839,0.654339570839,1.0
100,"[[141, 12, 84, 100, 45, 48], [40, 49, 100, 152, 12, 53], [53, 1, 28, 79, 100, 152], [59, 100, 152, 18, 87, 45], [30, 87, 141, 100, 18, 54], [126, 67, 41, 18, 100, 85], [23, 1, 100, 139, 49, 52]]","[74, 27, 33, 46, 72, 17, 66]",7,335,47.8571428571,74,"[0.8604651162790697, 0.8604651162790697, 0.35064935064935066, 0.35064935064935066, 0.2972972972972973, 0.2972972972972973, 0.4742268041237113, 0.4742268041237113, 0.631578947368421, 0.631578947368421, 0.1827956989247312, 0.1827956989247312, 0.8571428571428571, 0.8571428571428571]",14,7.30831214357,0.522022295969,0.860465116279
101,"[[101, 51, 42, 150, 88, 16], [136, 40, 81, 17, 101, 51], [51, 17, 81, 27, 133, 101], [12, 40, 141, 65, 70, 101], [101, 83, 36, 127, 52, 13], [25, 57, 101, 84, 71, 127], [27, 15, 70, 58, 101, 151]]","[71, 75, 62, 0, 0, 87, 26]",7,321,45.8571428571,87,"[0.8068181818181818, 0.8068181818181818, 0.974025974025974, 0.974025974025974, 0.5961538461538461, 0.5961538461538461, 0.0, 0.0, 0.0, 0.87, 0.87, 0.325, 0.325]",13,7.143996004,0.549538154154,0.974025974026
102,"[[21, 29, 18, 78, 102, 124], [125, 60, 39, 10, 102, 79], [13, 102, 30, 19, 147, 65], [42, 102, 62, 74, 8, 156], [130, 47, 22, 102, 40, 13], [27, 2, 82, 75, 137, 102]]","[94, 0, 75, 93, 17, 92]",6,371,61.8333333333,94,"[0.6527777777777778, 0.0, 0.7575757575757576, 0.7575757575757576, 1.0, 1.0, 0.16037735849056603, 0.16037735849056603, 0.9787234042553191, 0.9787234042553191]",10,6.44613081842,0.644613081842,1.0
103,"[[66, 140, 103, 32, 74, 1], [5, 143, 103, 72, 42, 82], [69, 103, 32, 137, 3, 52], [103, 23, 134, 10, 80, 59], [43, 103, 4, 70, 158, 53], [132, 53, 70, 33, 4, 103]]","[13, 70, 37, 48, 59, 0]",6,227,37.8333333333,70,"[0.14606741573033707, 0.14606741573033707, 0.8235294117647058, 0.8235294117647058, 0.29838709677419356, 0.5517241379310345, 0.5517241379310345, 0.6555555555555556, 0.6555555555555556, 0.0]",10,4.65214013874,0.465214013874,0.823529411765
104,"[[49, 104, 4, 132, 52, 39], [30, 74, 135, 47, 104, 14], [4, 81, 35, 153, 104, 51], [104, 142, 69, 2, 63, 38], [14, 37, 20, 104, 80, 138], [74, 133, 51, 10, 36, 104], [76, 104, 35, 9, 132, 56], [9, 57, 149, 73, 44, 104]]","[5, 49, 8, 67, 87, 0, 77, 65]",8,358,44.75,87,"[0.05434782608695652, 0.05434782608695652, 0.48514851485148514, 0.48514851485148514, 0.125, 0.7052631578947368, 0.7052631578947368, 0.7131147540983607, 0.0, 0.0, 0.77, 0.77, 0.4276315789473684]",13,5.29526533071,0.407328102362,0.77
121,"[[80, 99, 121, 48, 33, 14], [11, 49, 83, 29, 99, 121]]","[72, 13]",2,85,42.5,72,"[0.782608695652174, 0.782608695652174, 0.2]",3,1.7652173913,0.588405797101,0.782608695652
122,"[[11, 21, 92, 122, 25, 62], [46, 39, 6, 58, 122, 79], [25, 85, 19, 18, 122, 90]]","[38, 34, 8]",3,80,26.6666666667,38,"[0.4578313253012048, 0.4578313253012048, 0.85, 0.08080808080808081, 0.08080808080808081]",5,1.92727881222,0.385455762444,0.85
123,"[[123, 80, 7, 89, 56, 34], [38, 93, 61, 47, 7, 123], [5, 31, 77, 20, 83, 123]]","[11, 0, 61]",3,72,24.0,61,"[0.21568627450980393, 0.0, 0.0, 0.7261904761904762, 0.7261904761904762]",5,1.66806722689,0.333613445378,0.72619047619
124,"[[21, 29, 18, 78, 102, 124], [86, 124, 60, 48, 39, 21], [86, 28, 94, 11, 62, 124]]","[73, 34, 0]",3,107,35.6666666667,73,"[1.0, 1.0, 0.4788732394366197, 0.4788732394366197, 0.0]",5,2.95774647887,0.591549295775,1.0
125,"[[94, 77, 59, 31, 6, 125], [125, 60, 39, 10, 102, 79], [125, 73, 53, 1, 87, 41], [82, 19, 56, 97, 34, 125], [2, 125, 49, 38, 73, 92]]","[75, 36, 33, 90, 76]",5,310,62.0,90,"[0.9493670886075949, 0.9493670886075949, 0.45569620253164556, 0.45569620253164556, 0.35106382978723405, 0.35106382978723405, 0.7377049180327869, 1.0, 1.0]",9,6.24995915989,0.694439906654,1.0
126,"[[98, 126, 43, 82, 18, 55], [66, 15, 126, 30, 85, 68], [126, 67, 41, 18, 100, 85]]","[66, 0, 100]",3,166,55.3333333333,100,"[0.7857142857142857, 0.7857142857142857, 0.0, 0.0, 0.6134969325153374]",5,2.18492550394,0.436985100789,0.785714285714
127,"[[3, 76, 41, 47, 127, 65], [44, 74, 53, 84, 127, 98], [101, 83, 36, 127, 52, 13], [25, 57, 101, 84, 71, 127]]","[22, 0, 91, 83]",4,196,49.0,91,"[0.43137254901960786, 0.0, 0.0, 1.0, 1.0, 0.47701149425287354]",6,2.90838404327,0.484730673879,1.0
128,"[[57, 25, 128, 2, 47, 93], [3, 64, 73, 90, 24, 128]]","[74, 71]",2,145,72.5,74,"[0.8409090909090909, 0.8409090909090909, 0.8160919540229885, 0.8160919540229885]",4,3.31400208986,0.828500522466,0.840909090909
129,"[[94, 65, 129, 20, 83, 43], [1, 96, 129, 57, 44, 81], [77, 10, 44, 50, 129, 93]]","[26, 0, 69]",3,95,31.6666666667,69,"[0.2988505747126437, 0.2988505747126437, 0.0, 0.0, 0.47586206896551725]",5,1.07356321839,0.214712643678,0.475862068966
130,"[[71, 95, 130, 16, 43, 54], [130, 47, 22, 102, 40, 13]]","[8, 52]",2,60,30.0,52,"[0.24242424242424243, 0.5842696629213483, 0.5842696629213483]",3,1.41096356827,0.470321189422,0.584269662921
131,"[[90, 15, 57, 131, 31, 76], [131, 58, 97, 15, 82, 39]]","[2, 1]",2,3,1.5,2,"[0.06060606060606061, 0.02702702702702703]",2,0.0876330876331,0.0438165438165,0.0606060606061
132,"[[49, 104, 4, 132, 52, 39], [10, 132, 71, 58, 85, 90], [132, 53, 70, 33, 4, 103], [76, 104, 35, 9, 132, 56]]","[87, 45, 41, 29]",4,202,50.5,87,"[1.0, 1.0, 0.8490566037735849, 0.45054945054945056, 0.45054945054945056, 0.2871287128712871, 0.2871287128712871]",7,4.32441293062,0.617773275802,1.0
133,"[[23, 14, 70, 133, 56, 89], [93, 75, 133, 32, 63, 5], [51, 17, 81, 27, 133, 101], [74, 133, 51, 10, 36, 104]]","[10, 36, 56, 53]",4,155,38.75,56,"[0.11764705882352941, 0.11764705882352941, 0.5, 0.5, 0.875, 0.5463917525773195, 0.5463917525773195]",7,3.2030776228,0.457582517543,0.875
134,"[[86, 77, 11, 134, 26, 20], [103, 23, 134, 10, 80, 59], [37, 9, 134, 65, 76, 89]]","[58, 60, 73]",3,191,63.6666666667,73,"[0.6444444444444445, 0.6444444444444445, 0.6185567010309279, 0.6185567010309279, 0.8795180722891566, 0.8795180722891566]",6,4.28503843553,0.714173072588,0.879518072289
135,"[[30, 74, 135, 47, 104, 14], [135, 16, 84, 95, 26, 58], [9, 98, 29, 72, 59, 135]]","[14, 59, 27]",3,100,33.3333333333,59,"[0.13861386138613863, 0.13861386138613863, 0.5514018691588785, 0.5514018691588785, 0.25, 0.25]",6,1.88003146109,0.313338576848,0.551401869159
136,"[[73, 29, 86, 10, 63, 136], [136, 40, 81, 17, 101, 51], [37, 136, 17, 77, 84, 52], [68, 31, 12, 69, 136, 84]]","[9, 51, 48, 84]",4,192,48.0,84,"[0.11842105263157894, 0.11842105263157894, 0.6219512195121951, 0.6219512195121951, 0.5052631578947369, 0.5052631578947369, 0.4827586206896552]",7,2.97402948077,0.424861354395,0.621951219512
137,"[[69, 103, 32, 137, 3, 52], [31, 95, 64, 16, 137, 87], [27, 2, 82, 75, 137, 102]]","[14, 49, 93]",3,156,52.0,93,"[0.14, 0.14, 0.5975609756097561, 0.5975609756097561, 1.0, 1.0]",6,3.47512195122,0.57918699187,1.0
138,"[[14, 37, 20, 104, 80, 138], [60, 78, 8, 93, 30, 138]]","[90, 70]",2,160,80.0,90,"[0.9574468085106383, 0.9574468085106383, 0.8536585365853658, 0.8536585365853658]",4,3.62221069019,0.905552672548,0.957446808511
139,"[[22, 89, 83, 31, 139, 15], [139, 46, 52, 45, 11, 74], [23, 1, 100, 139, 49, 52]]","[0, 53, 67]",3,120,40.0,67,"[0.0, 0.424, 0.46206896551724136]",3,0.886068965517,0.295356321839,0.462068965517
140,"[[66, 140, 103, 32, 74, 1], [15, 36, 94, 73, 66, 140], [63, 140, 40, 88, 5, 69], [21, 140, 83, 65, 14, 26]]","[49, 0, 70, 14]",4,133,33.25,70,"[0.5568181818181818, 0.5568181818181818, 0.0, 0.0, 0.7526881720430108, 0.7526881720430108, 0.1590909090909091, 0.1590909090909091]",8,2.9371945259,0.367149315738,0.752688172043
141,"[[141, 12, 84, 100, 45, 48], [12, 40, 141, 65, 70, 101], [30, 87, 141, 100, 18, 54]]","[48, 41, 55]",3,144,48.0,55,"[0.5393258426966292, 0.5393258426966292, 0.3504273504273504, 0.3504273504273504, 0.7534246575342466, 0.7534246575342466]",6,3.28635570132,0.547725950219,0.753424657534
142,"[[9, 97, 59, 46, 142, 23], [104, 142, 69, 2, 63, 38], [35, 6, 88, 89, 81, 142]]","[36, 44, 84]",3,164,54.6666666667,84,"[0.8181818181818182, 0.5057471264367817, 0.5057471264367817, 0.6511627906976745]",4,2.48083886175,0.620209715438,0.818181818182
143,"[[14, 51, 143, 81, 27, 20], [5, 143, 103, 72, 42, 82], [87, 143, 58, 26, 68, 12], [78, 8, 93, 61, 143, 41], [46, 31, 65, 1, 78, 143]]","[78, 28, 19, 10, 74]",5,209,41.8,78,"[0.7722772277227723, 0.7722772277227723, 0.3010752688172043, 0.3010752688172043, 0.2375, 0.2375, 0.12658227848101267, 0.12658227848101267, 0.7474747474747475, 0.7474747474747475]",10,4.36981904499,0.436981904499,0.772277227723
144,"[[45, 22, 5, 93, 56, 144], [144, 2, 96, 54, 50, 42], [7, 88, 91, 79, 144, 34], [65, 144, 7, 78, 83, 36], [53, 144, 47, 77, 37, 14]]","[36, 63, 49, 0, 96]",5,244,48.8,96,"[0.28346456692913385, 0.7159090909090909, 0.7159090909090909, 0.3712121212121212, 0.0, 0.5363128491620112]",6,2.62280771912,0.437134619854,0.715909090909
145,"[[27, 145, 85, 99, 51, 8], [75, 98, 41, 145, 82, 59], [32, 92, 61, 145, 5, 49]]","[63, 60, 86]",3,209,69.6666666667,86,"[0.8289473684210527, 0.8289473684210527, 0.6451612903225806, 0.6451612903225806, 1.0, 1.0]",6,4.94821731749,0.824702886248,1.0
146,"[[96, 88, 35, 71, 4, 146], [146, 47, 7, 71, 60, 44]]","[23, 29]",2,52,26.0,29,"[0.2911392405063291, 0.2911392405063291, 0.32954545454545453, 0.32954545454545453]",4,1.2413693901,0.310342347526,0.329545454545
147,"[[96, 60, 147, 83, 34, 76], [13, 102, 30, 19, 147, 65], [95, 13, 49, 66, 34, 147], [96, 36, 7, 55, 147, 46]]","[8, 0, 41, 45]",4,94,23.5,45,"[0.19047619047619047, 0.0, 0.4880952380952381, 0.4880952380952381, 0.7142857142857143]",5,1.88095238095,0.37619047619,0.714285714286
148,"[[46, 45, 56, 86, 148, 16], [19, 73, 50, 96, 10, 148]]","[55, 21]",2,76,38.0,55,"[0.5670103092783505, 0.5670103092783505, 0.2413793103448276, 0.2413793103448276]",4,1.61677923925,0.404194809812,0.567010309278
149,"[[49, 87, 13, 52, 149, 33], [62, 78, 11, 149, 24, 92], [9, 57, 149, 73, 44, 104]]","[76, 67, 100]",3,243,81.0,100,"[1.0, 1.0, 1.0, 0.5813953488372093]",4,3.58139534884,0.895348837209,1.0
150,"[[101, 51, 42, 150, 88, 16], [69, 54, 150, 9, 37, 97], [80, 150, 66, 94, 17, 33]]","[68, 48, 5]",3,121,40.3333333333,68,"[0.6071428571428571, 0.6071428571428571, 0.48484848484848486, 0.48484848484848486, 0.053763440860215055, 0.053763440860215055]",6,2.2915095657,0.381918260951,0.607142857143
151,"[[96, 74, 44, 59, 151, 88], [75, 151, 16, 64, 41, 91], [27, 15, 70, 58, 101, 151]]","[46, 25, 13]",3,84,28.0,46,"[0.45544554455445546, 0.45544554455445546, 0.27472527472527475, 0.27472527472527475, 1.0]",5,2.46034163856,0.492068327712,1.0
152,"[[25, 61, 152, 91, 80, 17], [40, 49, 100, 152, 12, 53], [53, 1, 28, 79, 100, 152], [76, 23, 55, 152, 4, 90], [59, 100, 152, 18, 87, 45], [152, 86, 6, 81, 98, 28]]","[73, 9, 22, 69, 55, 60]",6,288,48.0,73,"[0.8390804597701149, 0.8390804597701149, 0.45, 0.28205128205128205, 0.28205128205128205, 0.71875, 0.71875, 0.8208955223880597, 0.375]",9,5.32565900603,0.591739889559,0.83908045977
153,"[[4, 81, 35, 153, 104, 51], [21, 16, 28, 94, 153, 86]]","[50, 5]",2,55,27.5,50,"[0.4807692307692308, 0.4807692307692308, 0.052083333333333336, 0.052083333333333336]",4,1.06570512821,0.266426282051,0.480769230769
154,"[[50, 60, 72, 39, 154, 67], [3, 154, 89, 61, 20, 23], [85, 3, 30, 154, 60, 90], [15, 63, 154, 99, 29, 76]]","[42, 22, 0, 0]",4,64,16.0,42,"[0.5121951219512195, 0.5121951219512195, 0.2391304347826087, 0.2391304347826087, 0.0, 0.0, 0.0, 0.0]",8,1.50265111347,0.187831389183,0.512195121951
155,"[[53, 99, 155, 41, 2, 79], [155, 95, 76, 55, 24, 3], [155, 72, 1, 67, 56, 43]]","[99, 40, 1]",3,140,46.6666666667,99,"[0.49748743718592964, 0.42105263157894735, 0.42105263157894735, 0.013888888888888888, 0.013888888888888888]",5,1.36737047812,0.273474095624,0.497487437186
156,"[[156, 25, 61, 78, 95, 19], [91, 38, 79, 88, 156, 19], [156, 60, 99, 17, 75, 42], [42, 102, 62, 74, 8, 156]]","[41, 82, 30, 86]",4,239,59.75,86,"[0.5061728395061729, 0.5061728395061729, 1.0, 1.0, 0.35714285714285715, 0.35714285714285715, 0.8686868686868687, 0.8686868686868687]",8,5.46400513067,0.683000641334,1.0
157,"[[63, 6, 22, 157, 77, 36], [157, 29, 66, 85, 22, 74]]","[70, 54]",2,124,62.0,70,"[0.6363636363636364, 0.6363636363636364, 0.5567010309278351, 0.5567010309278351]",4,2.38612933458,0.596532333646,0.636363636364
158,"[[8, 78, 67, 158, 24, 64], [43, 103, 4, 70, 158, 53], [20, 38, 65, 5, 158, 89]]","[15, 0, 88]",3,103,34.3333333333,88,"[0.16129032258064516, 0.16129032258064516, 0.0, 0.4782608695652174]",4,0.800841514727,0.200210378682,0.478260869565
