vpId,seqs,ratings,count,avgRatings,max,ratios,countRatios,avgRatios,maxRatios
1,"[[66, 140, 103, 32, 74, 1], [66, 140, 103, 32, 74, 1], [53, 1, 28, 79, 100, 152], [53, 1, 28, 79, 100, 152], [125, 73, 53, 1, 87, 41], [125, 73, 53, 1, 87, 41], [1, 96, 129, 57, 44, 81], [155, 72, 1, 67, 56, 43], [155, 72, 1, 67, 56, 43], [46, 31, 65, 1, 78, 143], [23, 1, 100, 139, 49, 52], [23, 1, 100, 139, 49, 52]]","[54, 54, 22, 22, 37, 37, 0, 87, 87, 44, 40, 40]",12,43.6666666667,87,"[0.47368421052631576, 0.47368421052631576, 0.23655913978494625, 0.23655913978494625, 0.42528735632183906, 0.42528735632183906, 0.0, 1.0, 1.0, 0.7213114754098361, 0.40816326530612246, 0.40816326530612246]",12,0.484058284941,1.0
2,"[[53, 99, 155, 41, 2, 79], [53, 99, 155, 41, 2, 79], [57, 25, 128, 2, 47, 93], [57, 25, 128, 2, 47, 93], [144, 2, 96, 54, 50, 42], [144, 2, 96, 54, 50, 42], [104, 142, 69, 2, 63, 38], [2, 125, 49, 38, 73, 92], [27, 2, 82, 75, 137, 102], [27, 2, 82, 75, 137, 102]]","[79, 79, 21, 21, 13, 13, 35, 4, 79, 79]",10,42.3,79,"[1.0, 1.0, 0.19444444444444445, 0.19444444444444445, 0.15853658536585366, 0.15853658536585366, 0.28688524590163933, 0.08, 0.8586956521739131, 0.8586956521739131]",10,0.479023860987,1.0
3,"[[3, 76, 41, 47, 127, 65], [3, 76, 41, 47, 127, 65], [155, 95, 76, 55, 24, 3], [155, 95, 76, 55, 24, 3], [69, 103, 32, 137, 3, 52], [3, 154, 89, 61, 20, 23], [85, 3, 30, 154, 60, 90], [85, 3, 30, 154, 60, 90], [3, 64, 73, 90, 24, 128], [3, 64, 73, 90, 24, 128]]","[35, 35, 0, 0, 2, 44, 51, 51, 0, 0]",10,21.8,51,"[0.4166666666666667, 0.4166666666666667, 0.0, 0.0, 0.03636363636363636, 0.6984126984126984, 0.5257731958762887, 0.5257731958762887, 0.0, 0.0]",10,0.261965605986,0.698412698413
4,"[[49, 104, 4, 132, 52, 39], [49, 104, 4, 132, 52, 39], [96, 88, 35, 71, 4, 146], [96, 88, 35, 71, 4, 146], [4, 81, 35, 153, 104, 51], [4, 81, 35, 153, 104, 51], [76, 23, 55, 152, 4, 90], [76, 23, 55, 152, 4, 90], [43, 103, 4, 70, 158, 53], [43, 103, 4, 70, 158, 53]]","[43, 43, 52, 52, 61, 61, 54, 54, 38, 38]",10,49.6,61,"[0.36752136752136755, 0.36752136752136755, 0.5148514851485149, 0.5148514851485149, 0.8356164383561644, 0.8356164383561644, 0.7297297297297297, 0.7297297297297297, 0.5352112676056338, 0.5352112676056338]",10,0.596586057672,0.835616438356
5,"[[5, 143, 103, 72, 42, 82], [5, 143, 103, 72, 42, 82], [93, 75, 133, 32, 63, 5], [63, 140, 40, 88, 5, 69], [63, 140, 40, 88, 5, 69], [32, 92, 61, 145, 5, 49], [32, 92, 61, 145, 5, 49], [5, 31, 77, 20, 83, 123], [20, 38, 65, 5, 158, 89], [20, 38, 65, 5, 158, 89]]","[24, 24, 79, 86, 86, 30, 30, 37, 37, 37]",10,47.0,86,"[0.2857142857142857, 0.2857142857142857, 0.6220472440944882, 1.0, 1.0, 0.35294117647058826, 0.35294117647058826, 0.5285714285714286, 0.3425925925925926, 0.3425925925925926]",10,0.511311478222,1.0
6,"[[94, 77, 59, 31, 6, 125], [94, 77, 59, 31, 6, 125], [63, 6, 22, 157, 77, 36], [46, 39, 6, 58, 122, 79], [46, 39, 6, 58, 122, 79], [152, 86, 6, 81, 98, 28], [152, 86, 6, 81, 98, 28]]","[0, 0, 57, 84, 84, 68, 68]",7,51.5714285714,84,"[0.0, 0.0, 0.9344262295081968, 0.7636363636363637, 0.7636363636363637, 0.723404255319149, 0.723404255319149]",7,0.558358209631,0.934426229508
7,"[[123, 80, 7, 89, 56, 34], [123, 80, 7, 89, 56, 34], [146, 47, 7, 71, 60, 44], [146, 47, 7, 71, 60, 44], [38, 93, 61, 47, 7, 123], [96, 36, 7, 55, 147, 46]]","[53, 53, 18, 18, 71, 4]",6,36.1666666667,71,"[0.6091954022988506, 0.6091954022988506, 0.24, 0.24, 0.5182481751824818, 0.058823529411764705]",6,0.379243751532,0.609195402299
8,"[[27, 145, 85, 99, 51, 8], [8, 78, 67, 158, 24, 64], [8, 78, 67, 158, 24, 64], [42, 102, 62, 74, 8, 156], [42, 102, 62, 74, 8, 156], [78, 8, 93, 61, 143, 41], [78, 8, 93, 61, 143, 41], [60, 78, 8, 93, 30, 138], [60, 78, 8, 93, 30, 138]]","[67, 25, 25, 28, 28, 44, 44, 5, 5]",9,30.1111111111,67,"[0.4557823129251701, 0.2840909090909091, 0.2840909090909091, 0.24347826086956523, 0.24347826086956523, 0.4835164835164835, 0.4835164835164835, 0.06578947368421052, 0.06578947368421052]",9,0.289948063028,0.483516483516
9,"[[9, 97, 59, 46, 142, 23], [9, 97, 59, 46, 142, 23], [69, 54, 150, 9, 37, 97], [69, 54, 150, 9, 37, 97], [9, 98, 29, 72, 59, 135], [9, 98, 29, 72, 59, 135], [37, 9, 134, 65, 76, 89], [37, 9, 134, 65, 76, 89], [9, 57, 149, 73, 44, 104], [9, 57, 149, 73, 44, 104], [76, 104, 35, 9, 132, 56], [76, 104, 35, 9, 132, 56]]","[69, 69, 0, 0, 32, 32, 50, 50, 37, 37, 92, 92]",12,46.6666666667,92,"[0.8117647058823529, 0.8117647058823529, 0.0, 0.0, 0.41025641025641024, 0.41025641025641024, 0.5555555555555556, 0.5555555555555556, 0.37755102040816324, 0.37755102040816324, 0.8440366972477065, 0.8440366972477065]",12,0.499860731558,0.844036697248
10,"[[73, 29, 86, 10, 63, 136], [73, 29, 86, 10, 63, 136], [10, 132, 71, 58, 85, 90], [103, 23, 134, 10, 80, 59], [103, 23, 134, 10, 80, 59], [19, 73, 50, 96, 10, 148], [19, 73, 50, 96, 10, 148], [77, 10, 44, 50, 129, 93], [77, 10, 44, 50, 129, 93], [74, 133, 51, 10, 36, 104]]","[44, 44, 40, 0, 0, 0, 0, 50, 50, 92]",10,32.0,92,"[0.39285714285714285, 0.39285714285714285, 0.7843137254901961, 0.0, 0.0, 0.0, 0.0, 0.5102040816326531, 0.5102040816326531, 0.5974025974025974]",10,0.318783877187,0.78431372549
11,"[[86, 77, 11, 134, 26, 20], [86, 77, 11, 134, 26, 20], [11, 21, 92, 122, 25, 62], [11, 21, 92, 122, 25, 62], [62, 78, 11, 149, 24, 92], [86, 28, 94, 11, 62, 124], [139, 46, 52, 45, 11, 74], [139, 46, 52, 45, 11, 74]]","[61, 61, 41, 41, 19, 14, 69, 69]",8,46.875,69,"[0.7011494252873564, 0.7011494252873564, 0.47126436781609193, 0.47126436781609193, 0.76, 0.4117647058823529, 0.75, 0.75]",8,0.627074036511,0.76
12,"[[141, 12, 84, 100, 45, 48], [87, 143, 58, 26, 68, 12], [87, 143, 58, 26, 68, 12], [12, 40, 141, 65, 70, 101], [68, 31, 12, 69, 136, 84], [68, 31, 12, 69, 136, 84]]","[24, 40, 40, 12, 13, 13]",6,23.6666666667,40,"[0.35294117647058826, 0.3669724770642202, 0.3669724770642202, 0.23076923076923078, 0.13, 0.13]",6,0.262942560228,0.366972477064
13,"[[49, 87, 13, 52, 149, 33], [49, 87, 13, 52, 149, 33], [13, 102, 30, 19, 147, 65], [13, 102, 30, 19, 147, 65], [95, 13, 49, 66, 34, 147], [95, 13, 49, 66, 34, 147], [101, 83, 36, 127, 52, 13], [101, 83, 36, 127, 52, 13], [130, 47, 22, 102, 40, 13], [130, 47, 22, 102, 40, 13]]","[14, 14, 93, 93, 24, 24, 89, 89, 2, 2]",10,44.4,93,"[0.1590909090909091, 0.1590909090909091, 1.0, 1.0, 0.24242424242424243, 0.24242424242424243, 1.0, 1.0, 0.02127659574468085, 0.02127659574468085]",10,0.484558349452,1.0
14,"[[14, 51, 143, 81, 27, 20], [14, 51, 143, 81, 27, 20], [23, 14, 70, 133, 56, 89], [23, 14, 70, 133, 56, 89], [30, 74, 135, 47, 104, 14], [30, 74, 135, 47, 104, 14], [80, 99, 121, 48, 33, 14], [80, 99, 121, 48, 33, 14], [14, 37, 20, 104, 80, 138], [14, 37, 20, 104, 80, 138], [21, 140, 83, 65, 14, 26], [21, 140, 83, 65, 14, 26]]","[10, 10, 24, 24, 56, 56, 62, 62, 28, 28, 16, 16]",12,32.6666666667,62,"[0.10752688172043011, 0.10752688172043011, 0.26373626373626374, 0.26373626373626374, 0.7088607594936709, 0.7088607594936709, 0.6888888888888889, 0.6888888888888889, 0.29473684210526313, 0.29473684210526313, 0.18181818181818182, 0.18181818181818182]",12,0.37426130296,0.708860759494
15,"[[15, 36, 94, 73, 66, 140], [90, 15, 57, 131, 31, 76], [66, 15, 126, 30, 85, 68], [66, 15, 126, 30, 85, 68], [15, 63, 154, 99, 29, 76], [15, 63, 154, 99, 29, 76], [27, 15, 70, 58, 101, 151], [27, 15, 70, 58, 101, 151], [131, 58, 97, 15, 82, 39], [131, 58, 97, 15, 82, 39]]","[100, 64, 0, 0, 71, 71, 41, 41, 6, 6]",10,40.0,100,"[0.7692307692307693, 0.9846153846153847, 0.0, 0.0, 0.9861111111111112, 0.9861111111111112, 0.47674418604651164, 0.47674418604651164, 0.0625, 0.0625]",10,0.480455674816,0.986111111111
16,"[[101, 51, 42, 150, 88, 16], [101, 51, 42, 150, 88, 16], [75, 151, 16, 64, 41, 91], [75, 151, 16, 64, 41, 91], [46, 45, 56, 86, 148, 16], [46, 45, 56, 86, 148, 16], [71, 95, 130, 16, 43, 54], [71, 95, 130, 16, 43, 54], [135, 16, 84, 95, 26, 58], [135, 16, 84, 95, 26, 58], [31, 95, 64, 16, 137, 87], [31, 95, 64, 16, 137, 87]]","[67, 67, 9, 9, 37, 37, 45, 45, 65, 65, 44, 44]",12,44.5,67,"[0.881578947368421, 0.881578947368421, 0.09090909090909091, 0.09090909090909091, 0.3627450980392157, 0.3627450980392157, 0.4891304347826087, 0.4891304347826087, 0.6701030927835051, 0.6701030927835051, 0.4036697247706422, 0.4036697247706422]",12,0.483022731442,0.881578947368
17,"[[25, 61, 152, 91, 80, 17], [25, 61, 152, 91, 80, 17], [136, 40, 81, 17, 101, 51], [136, 40, 81, 17, 101, 51], [51, 17, 81, 27, 133, 101], [51, 17, 81, 27, 133, 101], [37, 136, 17, 77, 84, 52], [37, 136, 17, 77, 84, 52], [156, 60, 99, 17, 75, 42], [156, 60, 99, 17, 75, 42]]","[87, 87, 25, 25, 46, 46, 41, 41, 90, 90]",10,57.8,90,"[0.90625, 0.90625, 0.24271844660194175, 0.24271844660194175, 0.42201834862385323, 0.42201834862385323, 0.422680412371134, 0.422680412371134, 1.0, 1.0]",10,0.598733441519,1.0
18,"[[21, 29, 18, 78, 102, 124], [21, 29, 18, 78, 102, 124], [98, 126, 43, 82, 18, 55], [98, 126, 43, 82, 18, 55], [59, 100, 152, 18, 87, 45], [59, 100, 152, 18, 87, 45], [25, 85, 19, 18, 122, 90], [25, 85, 19, 18, 122, 90], [126, 67, 41, 18, 100, 85], [126, 67, 41, 18, 100, 85], [30, 87, 141, 100, 18, 54], [30, 87, 141, 100, 18, 54]]","[42, 42, 44, 44, 88, 88, 12, 12, 42, 42, 76, 76]",12,50.6666666667,88,"[0.3559322033898305, 0.3559322033898305, 0.37606837606837606, 0.37606837606837606, 1.0, 1.0, 0.15789473684210525, 0.15789473684210525, 0.3684210526315789, 0.3684210526315789, 0.8172043010752689, 0.8172043010752689]",12,0.512586778335,1.0
19,"[[156, 25, 61, 78, 95, 19], [156, 25, 61, 78, 95, 19], [91, 38, 79, 88, 156, 19], [91, 38, 79, 88, 156, 19], [19, 73, 50, 96, 10, 148], [19, 73, 50, 96, 10, 148], [82, 19, 56, 97, 34, 125], [82, 19, 56, 97, 34, 125], [25, 85, 19, 18, 122, 90], [25, 85, 19, 18, 122, 90]]","[9, 9, 76, 76, 68, 68, 75, 75, 84, 84]",10,62.4,84,"[0.09375, 0.09375, 0.8444444444444444, 0.8444444444444444, 0.7906976744186046, 0.7906976744186046, 0.8522727272727273, 0.8522727272727273, 0.7433628318584071, 0.7433628318584071]",10,0.664905535599,0.852272727273
20,"[[14, 51, 143, 81, 27, 20], [14, 51, 143, 81, 27, 20], [94, 65, 129, 20, 83, 43], [94, 65, 129, 20, 83, 43], [86, 77, 11, 134, 26, 20], [86, 77, 11, 134, 26, 20], [3, 154, 89, 61, 20, 23], [3, 154, 89, 61, 20, 23], [14, 37, 20, 104, 80, 138], [14, 37, 20, 104, 80, 138], [5, 31, 77, 20, 83, 123], [5, 31, 77, 20, 83, 123], [20, 38, 65, 5, 158, 89], [20, 38, 65, 5, 158, 89]]","[88, 88, 32, 32, 64, 64, 20, 20, 0, 0, 69, 69, 27, 27]",14,42.8571428571,88,"[1.0, 1.0, 0.35555555555555557, 0.35555555555555557, 0.6881720430107527, 0.6881720430107527, 0.2702702702702703, 0.2702702702702703, 0.0, 0.0, 0.7263157894736842, 0.7263157894736842, 0.3253012048192771, 0.3253012048192771]",14,0.480802123304,1.0
21,"[[21, 29, 18, 78, 102, 124], [21, 29, 18, 78, 102, 124], [11, 21, 92, 122, 25, 62], [11, 21, 92, 122, 25, 62], [86, 124, 60, 48, 39, 21], [21, 16, 28, 94, 153, 86], [21, 140, 83, 65, 14, 26]]","[55, 55, 38, 38, 68, 25, 33]",7,44.5714285714,68,"[0.5789473684210527, 0.5789473684210527, 0.42696629213483145, 0.42696629213483145, 0.4927536231884058, 0.49019607843137253, 0.4714285714285714]",7,0.495172227737,0.578947368421
22,"[[63, 6, 22, 157, 77, 36], [63, 6, 22, 157, 77, 36], [22, 89, 83, 31, 139, 15], [22, 89, 83, 31, 139, 15], [157, 29, 66, 85, 22, 74], [157, 29, 66, 85, 22, 74], [130, 47, 22, 102, 40, 13], [130, 47, 22, 102, 40, 13]]","[89, 89, 46, 46, 48, 48, 97, 97]",8,70.0,97,"[1.0, 1.0, 0.5679012345679012, 0.5679012345679012, 0.46601941747572817, 0.46601941747572817, 1.0, 1.0]",8,0.758480163011,1.0
23,"[[23, 14, 70, 133, 56, 89], [23, 14, 70, 133, 56, 89], [9, 97, 59, 46, 142, 23], [103, 23, 134, 10, 80, 59], [103, 23, 134, 10, 80, 59], [76, 23, 55, 152, 4, 90], [76, 23, 55, 152, 4, 90], [3, 154, 89, 61, 20, 23], [3, 154, 89, 61, 20, 23], [23, 1, 100, 139, 49, 52]]","[83, 83, 1, 61, 61, 70, 70, 24, 24, 72]",10,54.9,83,"[0.8924731182795699, 0.8924731182795699, 0.02564102564102564, 0.7625, 0.7625, 0.7608695652173914, 0.7608695652173914, 0.25806451612903225, 0.25806451612903225, 0.576]",10,0.594945542489,0.89247311828
24,"[[155, 95, 76, 55, 24, 3], [8, 78, 67, 158, 24, 64], [8, 78, 67, 158, 24, 64], [62, 78, 11, 149, 24, 92], [3, 64, 73, 90, 24, 128], [3, 64, 73, 90, 24, 128]]","[50, 12, 12, 24, 91, 91]",6,46.6666666667,91,"[0.3472222222222222, 0.12121212121212122, 0.12121212121212122, 0.5106382978723404, 0.9191919191919192, 0.9191919191919192]",6,0.48977810015,0.919191919192
25,"[[25, 61, 152, 91, 80, 17], [25, 61, 152, 91, 80, 17], [156, 25, 61, 78, 95, 19], [156, 25, 61, 78, 95, 19], [57, 25, 128, 2, 47, 93], [57, 25, 128, 2, 47, 93], [11, 21, 92, 122, 25, 62], [11, 21, 92, 122, 25, 62], [25, 85, 19, 18, 122, 90], [25, 85, 19, 18, 122, 90], [25, 57, 101, 84, 71, 127], [25, 57, 101, 84, 71, 127]]","[40, 40, 64, 64, 15, 15, 42, 42, 93, 93, 37, 37]",12,48.5,93,"[0.49382716049382713, 0.49382716049382713, 0.7032967032967034, 0.7032967032967034, 0.1875, 0.1875, 0.4329896907216495, 0.4329896907216495, 1.0, 1.0, 0.3894736842105263, 0.3894736842105263]",12,0.534514539787,1.0
26,"[[86, 77, 11, 134, 26, 20], [86, 77, 11, 134, 26, 20], [87, 143, 58, 26, 68, 12], [87, 143, 58, 26, 68, 12], [135, 16, 84, 95, 26, 58], [135, 16, 84, 95, 26, 58], [21, 140, 83, 65, 14, 26], [21, 140, 83, 65, 14, 26]]","[26, 26, 84, 84, 33, 33, 23, 23]",8,41.5,84,"[0.2708333333333333, 0.2708333333333333, 1.0, 1.0, 0.4024390243902439, 0.4024390243902439, 0.27380952380952384, 0.27380952380952384]",8,0.486770470383,1.0
27,"[[14, 51, 143, 81, 27, 20], [14, 51, 143, 81, 27, 20], [27, 145, 85, 99, 51, 8], [27, 145, 85, 99, 51, 8], [51, 17, 81, 27, 133, 101], [51, 17, 81, 27, 133, 101], [27, 2, 82, 75, 137, 102], [27, 2, 82, 75, 137, 102], [27, 15, 70, 58, 101, 151]]","[75, 75, 31, 31, 54, 54, 37, 37, 36]",9,47.7777777778,75,"[0.8823529411764706, 0.8823529411764706, 0.3780487804878049, 0.3780487804878049, 0.5192307692307693, 0.5192307692307693, 0.4157303370786517, 0.4157303370786517, 0.972972972972973]",9,0.595966514324,0.972972972973
28,"[[53, 1, 28, 79, 100, 152], [53, 1, 28, 79, 100, 152], [21, 16, 28, 94, 153, 86], [152, 86, 6, 81, 98, 28], [86, 28, 94, 11, 62, 124], [86, 28, 94, 11, 62, 124]]","[65, 65, 25, 45, 88, 88]",6,62.6666666667,88,"[0.6310679611650486, 0.6310679611650486, 0.7575757575757576, 0.3488372093023256, 0.946236559139785, 0.946236559139785]",6,0.710170334581,0.94623655914
29,"[[73, 29, 86, 10, 63, 136], [73, 29, 86, 10, 63, 136], [157, 29, 66, 85, 22, 74], [157, 29, 66, 85, 22, 74], [11, 49, 83, 29, 99, 121], [9, 98, 29, 72, 59, 135], [9, 98, 29, 72, 59, 135], [15, 63, 154, 99, 29, 76]]","[76, 76, 47, 47, 0, 10, 10, 7]",8,34.125,76,"[1.0, 1.0, 0.49473684210526314, 0.49473684210526314, 0.0, 0.12048192771084337, 0.12048192771084337, 0.1]",8,0.416304692454,1.0
30,"[[30, 74, 135, 47, 104, 14], [30, 74, 135, 47, 104, 14], [66, 15, 126, 30, 85, 68], [66, 15, 126, 30, 85, 68], [85, 3, 30, 154, 60, 90], [60, 78, 8, 93, 30, 138], [60, 78, 8, 93, 30, 138]]","[82, 82, 0, 0, 12, 69, 69]",7,44.8571428571,82,"[0.8913043478260869, 0.8913043478260869, 0.0, 0.0, 0.1791044776119403, 0.8734177215189873, 0.8734177215189873]",7,0.529792659472,0.891304347826
31,"[[94, 77, 59, 31, 6, 125], [94, 77, 59, 31, 6, 125], [22, 89, 83, 31, 139, 15], [31, 95, 64, 16, 137, 87], [31, 95, 64, 16, 137, 87], [5, 31, 77, 20, 83, 123], [5, 31, 77, 20, 83, 123], [68, 31, 12, 69, 136, 84], [68, 31, 12, 69, 136, 84]]","[0, 0, 31, 48, 48, 74, 74, 10, 10]",9,32.7777777778,74,"[0.0, 0.0, 0.9393939393939394, 0.4485981308411215, 0.4485981308411215, 0.8409090909090909, 0.8409090909090909, 0.10989010989010989, 0.10989010989010989]",9,0.415354289186,0.939393939394
32,"[[66, 140, 103, 32, 74, 1], [66, 140, 103, 32, 74, 1], [69, 103, 32, 137, 3, 52], [69, 103, 32, 137, 3, 52], [93, 75, 133, 32, 63, 5], [93, 75, 133, 32, 63, 5], [32, 92, 61, 145, 5, 49]]","[37, 37, 36, 36, 86, 86, 46]",7,52.0,86,"[0.4111111111111111, 0.4111111111111111, 0.5, 0.5, 0.86, 0.86, 0.92]",7,0.63746031746,0.92
33,"[[49, 87, 13, 52, 149, 33], [49, 87, 13, 52, 149, 33], [80, 99, 121, 48, 33, 14], [80, 99, 121, 48, 33, 14], [132, 53, 70, 33, 4, 103], [132, 53, 70, 33, 4, 103]]","[88, 88, 73, 73, 49, 49]",6,70.0,88,"[1.0, 1.0, 0.6239316239316239, 0.6239316239316239, 0.5157894736842106, 0.5157894736842106]",6,0.713240365872,1.0
34,"[[96, 60, 147, 83, 34, 76], [123, 80, 7, 89, 56, 34], [123, 80, 7, 89, 56, 34], [82, 19, 56, 97, 34, 125], [7, 88, 91, 79, 144, 34]]","[29, 44, 44, 83, 32]",5,46.4,83,"[0.5686274509803921, 0.5116279069767442, 0.5116279069767442, 0.6287878787878788, 0.26229508196721313]",5,0.496593245138,0.628787878788
35,"[[96, 88, 35, 71, 4, 146], [96, 88, 35, 71, 4, 146], [4, 81, 35, 153, 104, 51], [4, 81, 35, 153, 104, 51]]","[87, 87, 62, 62]",4,74.5,87,"[0.8613861386138614, 0.8613861386138614, 0.7294117647058823, 0.7294117647058823]",4,0.79539895166,0.861386138614
36,"[[15, 36, 94, 73, 66, 140], [63, 6, 22, 157, 77, 36], [63, 6, 22, 157, 77, 36], [101, 83, 36, 127, 52, 13], [101, 83, 36, 127, 52, 13], [96, 36, 7, 55, 147, 46], [96, 36, 7, 55, 147, 46], [74, 133, 51, 10, 36, 104], [65, 144, 7, 78, 83, 36], [65, 144, 7, 78, 83, 36]]","[4, 84, 84, 87, 87, 44, 44, 18, 25, 25]",10,50.2,87,"[0.06557377049180328, 1.0, 1.0, 1.0, 1.0, 0.4536082474226804, 0.4536082474226804, 0.2857142857142857, 0.25252525252525254, 0.25252525252525254]",10,0.57635550561,1.0
37,"[[69, 54, 150, 9, 37, 97], [37, 136, 17, 77, 84, 52], [37, 136, 17, 77, 84, 52], [14, 37, 20, 104, 80, 138], [14, 37, 20, 104, 80, 138], [37, 9, 134, 65, 76, 89], [37, 9, 134, 65, 76, 89]]","[8, 43, 43, 43, 43, 46, 46]",7,38.8571428571,46,"[0.18181818181818182, 0.44329896907216493, 0.44329896907216493, 0.4942528735632184, 0.4942528735632184, 0.5897435897435898, 0.5897435897435898]",7,0.462344149511,0.589743589744
38,"[[91, 38, 79, 88, 156, 19], [91, 38, 79, 88, 156, 19], [38, 93, 61, 47, 7, 123], [38, 93, 61, 47, 7, 123], [104, 142, 69, 2, 63, 38], [104, 142, 69, 2, 63, 38], [2, 125, 49, 38, 73, 92], [2, 125, 49, 38, 73, 92]]","[66, 66, 59, 59, 4, 4, 0, 0]",8,32.25,66,"[0.7252747252747253, 0.7252747252747253, 0.6704545454545454, 0.6704545454545454, 0.0425531914893617, 0.0425531914893617, 0.0, 0.0]",8,0.359570615555,0.725274725275
39,"[[49, 104, 4, 132, 52, 39], [49, 104, 4, 132, 52, 39], [50, 60, 72, 39, 154, 67], [50, 60, 72, 39, 154, 67], [125, 60, 39, 10, 102, 79], [125, 60, 39, 10, 102, 79], [46, 39, 6, 58, 122, 79], [46, 39, 6, 58, 122, 79], [86, 124, 60, 48, 39, 21]]","[4, 4, 21, 21, 50, 50, 37, 37, 6]",9,25.5555555556,50,"[0.05063291139240506, 0.05063291139240506, 0.22826086956521738, 0.22826086956521738, 0.6493506493506493, 0.6493506493506493, 0.5211267605633803, 0.5211267605633803, 0.15]",9,0.338749153527,0.649350649351
40,"[[136, 40, 81, 17, 101, 51], [136, 40, 81, 17, 101, 51], [40, 49, 100, 152, 12, 53], [40, 49, 100, 152, 12, 53], [12, 40, 141, 65, 70, 101], [12, 40, 141, 65, 70, 101], [63, 140, 40, 88, 5, 69], [63, 140, 40, 88, 5, 69], [130, 47, 22, 102, 40, 13], [130, 47, 22, 102, 40, 13]]","[13, 13, 43, 43, 23, 23, 76, 76, 0, 0]",10,31.0,76,"[0.17105263157894737, 0.17105263157894737, 0.5443037974683544, 0.5443037974683544, 0.24731182795698925, 0.24731182795698925, 0.6495726495726496, 0.6495726495726496, 0.0, 0.0]",10,0.322448181315,0.649572649573
41,"[[3, 76, 41, 47, 127, 65], [53, 99, 155, 41, 2, 79], [75, 151, 16, 64, 41, 91], [75, 151, 16, 64, 41, 91], [125, 73, 53, 1, 87, 41], [125, 73, 53, 1, 87, 41], [75, 98, 41, 145, 82, 59], [75, 98, 41, 145, 82, 59], [126, 67, 41, 18, 100, 85], [126, 67, 41, 18, 100, 85], [78, 8, 93, 61, 143, 41], [78, 8, 93, 61, 143, 41]]","[34, 14, 0, 0, 56, 56, 51, 51, 18, 18, 12, 12]",12,26.8333333333,56,"[0.8095238095238095, 0.2641509433962264, 0.0, 0.0, 0.717948717948718, 0.717948717948718, 0.4636363636363636, 0.4636363636363636, 0.2465753424657534, 0.2465753424657534, 0.14634146341463414, 0.14634146341463414]",12,0.351889877321,0.809523809524
42,"[[101, 51, 42, 150, 88, 16], [101, 51, 42, 150, 88, 16], [5, 143, 103, 72, 42, 82], [5, 143, 103, 72, 42, 82], [144, 2, 96, 54, 50, 42], [42, 102, 62, 74, 8, 156], [42, 102, 62, 74, 8, 156], [156, 60, 99, 17, 75, 42], [156, 60, 99, 17, 75, 42]]","[64, 64, 40, 40, 18, 54, 54, 13, 13]",9,40.0,64,"[0.7272727272727273, 0.7272727272727273, 0.4878048780487805, 0.4878048780487805, 0.3673469387755102, 0.6428571428571429, 0.6428571428571429, 0.13131313131313133, 0.13131313131313133]",9,0.482871410862,0.727272727273
43,"[[94, 65, 129, 20, 83, 43], [94, 65, 129, 20, 83, 43], [98, 126, 43, 82, 18, 55], [98, 126, 43, 82, 18, 55], [71, 95, 130, 16, 43, 54], [71, 95, 130, 16, 43, 54], [43, 103, 4, 70, 158, 53], [43, 103, 4, 70, 158, 53], [155, 72, 1, 67, 56, 43], [155, 72, 1, 67, 56, 43]]","[29, 29, 20, 20, 91, 91, 50, 50, 0, 0]",10,38.0,91,"[0.3118279569892473, 0.3118279569892473, 0.21739130434782608, 0.21739130434782608, 0.9479166666666666, 0.9479166666666666, 0.5494505494505495, 0.5494505494505495, 0.0, 0.0]",10,0.405317295491,0.947916666667
44,"[[96, 74, 44, 59, 151, 88], [96, 74, 44, 59, 151, 88], [44, 74, 53, 84, 127, 98], [44, 74, 53, 84, 127, 98], [146, 47, 7, 71, 60, 44], [146, 47, 7, 71, 60, 44], [77, 10, 44, 50, 129, 93], [77, 10, 44, 50, 129, 93], [1, 96, 129, 57, 44, 81], [9, 57, 149, 73, 44, 104], [9, 57, 149, 73, 44, 104]]","[76, 76, 41, 41, 92, 92, 81, 81, 76, 72, 72]",11,72.7272727273,92,"[0.8539325842696629, 0.8539325842696629, 0.4606741573033708, 0.4606741573033708, 1.0, 1.0, 1.0, 1.0, 0.5241379310344828, 0.7128712871287128, 0.7128712871287128]",11,0.779917635313,1.0
45,"[[45, 22, 5, 93, 56, 144], [141, 12, 84, 100, 45, 48], [141, 12, 84, 100, 45, 48], [46, 45, 56, 86, 148, 16], [46, 45, 56, 86, 148, 16], [59, 100, 152, 18, 87, 45], [59, 100, 152, 18, 87, 45], [139, 46, 52, 45, 11, 74]]","[14, 83, 83, 51, 51, 90, 90, 78]",8,67.5,90,"[0.2545454545454545, 1.0, 1.0, 0.5730337078651685, 0.5730337078651685, 0.9782608695652174, 0.9782608695652174, 0.5379310344827586]",8,0.736883205486,1.0
46,"[[9, 97, 59, 46, 142, 23], [9, 97, 59, 46, 142, 23], [46, 45, 56, 86, 148, 16], [46, 45, 56, 86, 148, 16], [46, 39, 6, 58, 122, 79], [46, 39, 6, 58, 122, 79], [96, 36, 7, 55, 147, 46], [96, 36, 7, 55, 147, 46], [139, 46, 52, 45, 11, 74], [139, 46, 52, 45, 11, 74]]","[83, 83, 46, 46, 0, 0, 90, 90, 58, 58]",10,55.4,90,"[1.0, 1.0, 0.5287356321839081, 0.5287356321839081, 0.0, 0.0, 1.0, 1.0, 0.5918367346938775, 0.5918367346938775]",10,0.624114473376,1.0
47,"[[3, 76, 41, 47, 127, 65], [57, 25, 128, 2, 47, 93], [57, 25, 128, 2, 47, 93], [30, 74, 135, 47, 104, 14], [30, 74, 135, 47, 104, 14], [146, 47, 7, 71, 60, 44], [146, 47, 7, 71, 60, 44], [38, 93, 61, 47, 7, 123], [38, 93, 61, 47, 7, 123], [130, 47, 22, 102, 40, 13], [130, 47, 22, 102, 40, 13], [53, 144, 47, 77, 37, 14], [53, 144, 47, 77, 37, 14]]","[71, 0, 0, 15, 15, 46, 46, 54, 54, 13, 13, 0, 0]",13,25.1538461538,71,"[0.5298507462686567, 0.0, 0.0, 0.1595744680851064, 0.1595744680851064, 0.5476190476190477, 0.5476190476190477, 0.6666666666666666, 0.6666666666666666, 0.14130434782608695, 0.14130434782608695, 0.0, 0.0]",13,0.273859985128,0.666666666667
48,"[[141, 12, 84, 100, 45, 48], [141, 12, 84, 100, 45, 48], [80, 99, 121, 48, 33, 14], [80, 99, 121, 48, 33, 14], [86, 124, 60, 48, 39, 21], [86, 124, 60, 48, 39, 21]]","[52, 52, 30, 30, 0, 0]",6,27.3333333333,52,"[0.5591397849462365, 0.5591397849462365, 0.297029702970297, 0.297029702970297, 0.0, 0.0]",6,0.285389829306,0.559139784946
49,"[[49, 104, 4, 132, 52, 39], [49, 104, 4, 132, 52, 39], [49, 87, 13, 52, 149, 33], [49, 87, 13, 52, 149, 33], [40, 49, 100, 152, 12, 53], [40, 49, 100, 152, 12, 53], [2, 125, 49, 38, 73, 92], [2, 125, 49, 38, 73, 92], [32, 92, 61, 145, 5, 49], [32, 92, 61, 145, 5, 49], [23, 1, 100, 139, 49, 52], [23, 1, 100, 139, 49, 52]]","[69, 69, 44, 44, 50, 50, 21, 21, 39, 39, 23, 23]",12,41.0,69,"[0.7419354838709677, 0.7419354838709677, 0.4835164835164835, 0.4835164835164835, 0.5319148936170213, 0.5319148936170213, 0.19626168224299065, 0.19626168224299065, 0.4642857142857143, 0.4642857142857143, 0.25, 0.25]",12,0.444652376256,0.741935483871
50,"[[50, 60, 72, 39, 154, 67], [50, 60, 72, 39, 154, 67], [144, 2, 96, 54, 50, 42], [144, 2, 96, 54, 50, 42], [19, 73, 50, 96, 10, 148], [19, 73, 50, 96, 10, 148], [77, 10, 44, 50, 129, 93], [77, 10, 44, 50, 129, 93]]","[60, 60, 87, 87, 59, 59, 85, 85]",8,72.75,87,"[0.7142857142857143, 0.7142857142857143, 0.8787878787878788, 0.8787878787878788, 0.5363636363636364, 0.5363636363636364, 1.0, 1.0]",8,0.782359307359,1.0
51,"[[14, 51, 143, 81, 27, 20], [14, 51, 143, 81, 27, 20], [101, 51, 42, 150, 88, 16], [101, 51, 42, 150, 88, 16], [27, 145, 85, 99, 51, 8], [27, 145, 85, 99, 51, 8], [136, 40, 81, 17, 101, 51], [51, 17, 81, 27, 133, 101], [51, 17, 81, 27, 133, 101], [4, 81, 35, 153, 104, 51], [4, 81, 35, 153, 104, 51], [74, 133, 51, 10, 36, 104]]","[67, 67, 0, 0, 2, 2, 80, 12, 12, 42, 42, 64]",12,32.5,80,"[0.7362637362637363, 0.7362637362637363, 0.0, 0.0, 0.025974025974025976, 0.025974025974025976, 0.54421768707483, 0.1643835616438356, 0.1643835616438356, 0.40384615384615385, 0.40384615384615385, 0.9411764705882353]",12,0.345527426093,0.941176470588
52,"[[49, 104, 4, 132, 52, 39], [49, 104, 4, 132, 52, 39], [49, 87, 13, 52, 149, 33], [49, 87, 13, 52, 149, 33], [69, 103, 32, 137, 3, 52], [37, 136, 17, 77, 84, 52], [37, 136, 17, 77, 84, 52], [101, 83, 36, 127, 52, 13], [101, 83, 36, 127, 52, 13], [139, 46, 52, 45, 11, 74], [139, 46, 52, 45, 11, 74], [23, 1, 100, 139, 49, 52], [23, 1, 100, 139, 49, 52]]","[89, 89, 87, 87, 48, 54, 54, 36, 36, 11, 11, 15, 15]",13,48.6153846154,89,"[1.0, 1.0, 0.8055555555555556, 0.8055555555555556, 0.3779527559055118, 0.4778761061946903, 0.4778761061946903, 0.4675324675324675, 0.4675324675324675, 0.14285714285714285, 0.14285714285714285, 0.20833333333333334, 0.20833333333333334]",13,0.506327843604,1.0
53,"[[53, 99, 155, 41, 2, 79], [44, 74, 53, 84, 127, 98], [44, 74, 53, 84, 127, 98], [53, 1, 28, 79, 100, 152], [53, 1, 28, 79, 100, 152], [125, 73, 53, 1, 87, 41], [125, 73, 53, 1, 87, 41], [132, 53, 70, 33, 4, 103], [132, 53, 70, 33, 4, 103], [53, 144, 47, 77, 37, 14], [53, 144, 47, 77, 37, 14]]","[41, 50, 50, 61, 61, 38, 38, 31, 31, 56, 56]",11,46.6363636364,61,"[0.7454545454545455, 0.4807692307692308, 0.4807692307692308, 0.648936170212766, 0.648936170212766, 0.36893203883495146, 0.36893203883495146, 0.34444444444444444, 0.34444444444444444, 0.6746987951807228, 0.6746987951807228]",11,0.525546900394,0.745454545455
54,"[[69, 54, 150, 9, 37, 97], [69, 54, 150, 9, 37, 97], [144, 2, 96, 54, 50, 42], [144, 2, 96, 54, 50, 42], [71, 95, 130, 16, 43, 54], [71, 95, 130, 16, 43, 54], [30, 87, 141, 100, 18, 54], [30, 87, 141, 100, 18, 54]]","[29, 29, 78, 78, 14, 14, 0, 0]",8,30.25,78,"[0.3258426966292135, 0.3258426966292135, 0.8387096774193549, 0.8387096774193549, 0.1320754716981132, 0.1320754716981132, 0.0, 0.0]",8,0.324156961437,0.838709677419
55,"[[155, 95, 76, 55, 24, 3], [98, 126, 43, 82, 18, 55], [98, 126, 43, 82, 18, 55], [76, 23, 55, 152, 4, 90], [76, 23, 55, 152, 4, 90], [96, 36, 7, 55, 147, 46]]","[38, 28, 28, 71, 71, 62]",6,49.6666666667,71,"[0.30158730158730157, 0.3111111111111111, 0.3111111111111111, 0.8160919540229885, 0.8160919540229885, 0.4025974025974026]",6,0.493098472409,0.816091954023
56,"[[23, 14, 70, 133, 56, 89], [23, 14, 70, 133, 56, 89], [45, 22, 5, 93, 56, 144], [45, 22, 5, 93, 56, 144], [123, 80, 7, 89, 56, 34], [46, 45, 56, 86, 148, 16], [46, 45, 56, 86, 148, 16], [82, 19, 56, 97, 34, 125], [155, 72, 1, 67, 56, 43], [76, 104, 35, 9, 132, 56]]","[10, 10, 0, 0, 19, 1, 1, 96, 63, 87]",10,28.7,96,"[0.11764705882352941, 0.11764705882352941, 0.0, 0.0, 0.2714285714285714, 0.012195121951219513, 0.012195121951219513, 0.6357615894039735, 0.9, 0.5723684210526315]",10,0.263924294343,0.9
57,"[[57, 25, 128, 2, 47, 93], [57, 25, 128, 2, 47, 93], [90, 15, 57, 131, 31, 76], [1, 96, 129, 57, 44, 81], [1, 96, 129, 57, 44, 81], [25, 57, 101, 84, 71, 127], [25, 57, 101, 84, 71, 127], [9, 57, 149, 73, 44, 104], [9, 57, 149, 73, 44, 104]]","[47, 47, 0, 0, 0, 81, 81, 23, 23]",9,33.5555555556,81,"[0.5164835164835165, 0.5164835164835165, 0.0, 0.0, 0.0, 0.8901098901098901, 0.8901098901098901, 0.23, 0.23]",9,0.363687423687,0.89010989011
58,"[[10, 132, 71, 58, 85, 90], [10, 132, 71, 58, 85, 90], [87, 143, 58, 26, 68, 12], [87, 143, 58, 26, 68, 12], [46, 39, 6, 58, 122, 79], [46, 39, 6, 58, 122, 79], [135, 16, 84, 95, 26, 58], [135, 16, 84, 95, 26, 58], [131, 58, 97, 15, 82, 39], [131, 58, 97, 15, 82, 39], [27, 15, 70, 58, 101, 151], [27, 15, 70, 58, 101, 151]]","[31, 31, 37, 37, 86, 86, 90, 90, 45, 45, 90, 90]",12,63.1666666667,90,"[0.3163265306122449, 0.3163265306122449, 0.38144329896907214, 0.38144329896907214, 1.0, 1.0, 0.8737864077669902, 0.8737864077669902, 0.5232558139534884, 0.5232558139534884, 0.9375, 0.9375]",12,0.67205200855,1.0
59,"[[96, 74, 44, 59, 151, 88], [96, 74, 44, 59, 151, 88], [94, 77, 59, 31, 6, 125], [94, 77, 59, 31, 6, 125], [9, 97, 59, 46, 142, 23], [9, 97, 59, 46, 142, 23], [103, 23, 134, 10, 80, 59], [103, 23, 134, 10, 80, 59], [75, 98, 41, 145, 82, 59], [75, 98, 41, 145, 82, 59], [9, 98, 29, 72, 59, 135], [9, 98, 29, 72, 59, 135], [59, 100, 152, 18, 87, 45], [59, 100, 152, 18, 87, 45]]","[53, 53, 74, 74, 51, 51, 69, 69, 66, 66, 56, 56, 1, 1]",14,52.8571428571,74,"[0.5888888888888889, 0.5888888888888889, 0.6324786324786325, 0.6324786324786325, 0.5151515151515151, 0.5151515151515151, 0.6330275229357798, 0.6330275229357798, 0.7586206896551724, 0.7586206896551724, 0.5656565656565656, 0.5656565656565656, 0.013157894736842105, 0.013157894736842105]",14,0.529568815643,0.758620689655
60,"[[96, 60, 147, 83, 34, 76], [50, 60, 72, 39, 154, 67], [50, 60, 72, 39, 154, 67], [125, 60, 39, 10, 102, 79], [125, 60, 39, 10, 102, 79], [146, 47, 7, 71, 60, 44], [86, 124, 60, 48, 39, 21], [86, 124, 60, 48, 39, 21], [156, 60, 99, 17, 75, 42], [156, 60, 99, 17, 75, 42], [85, 3, 30, 154, 60, 90], [85, 3, 30, 154, 60, 90], [60, 78, 8, 93, 30, 138], [60, 78, 8, 93, 30, 138]]","[62, 65, 65, 44, 44, 66, 26, 26, 0, 0, 48, 48, 52, 52]",14,42.7142857143,66,"[0.4217687074829932, 0.6989247311827957, 0.6989247311827957, 0.46808510638297873, 0.46808510638297873, 0.48175182481751827, 0.23636363636363636, 0.23636363636363636, 0.0, 0.0, 0.5393258426966292, 0.5393258426966292, 0.5842696629213483, 0.5842696629213483]",14,0.425532749385,0.698924731183
61,"[[25, 61, 152, 91, 80, 17], [25, 61, 152, 91, 80, 17], [156, 25, 61, 78, 95, 19], [156, 25, 61, 78, 95, 19], [38, 93, 61, 47, 7, 123], [38, 93, 61, 47, 7, 123], [3, 154, 89, 61, 20, 23], [3, 154, 89, 61, 20, 23], [32, 92, 61, 145, 5, 49], [32, 92, 61, 145, 5, 49], [78, 8, 93, 61, 143, 41], [78, 8, 93, 61, 143, 41]]","[27, 27, 14, 14, 57, 57, 27, 27, 86, 86, 49, 49]",12,43.3333333333,86,"[0.2967032967032967, 0.2967032967032967, 0.16091954022988506, 0.16091954022988506, 0.76, 0.76, 0.28125, 0.28125, 0.8037383177570093, 0.8037383177570093, 0.5764705882352941, 0.5764705882352941]",12,0.479846957154,0.803738317757
62,"[[11, 21, 92, 122, 25, 62], [11, 21, 92, 122, 25, 62], [42, 102, 62, 74, 8, 156], [42, 102, 62, 74, 8, 156]]","[65, 65, 0, 0]",4,32.5,65,"[0.6372549019607843, 0.6372549019607843, 0.0, 0.0]",4,0.31862745098,0.637254901961
63,"[[73, 29, 86, 10, 63, 136], [73, 29, 86, 10, 63, 136], [63, 6, 22, 157, 77, 36], [93, 75, 133, 32, 63, 5], [63, 140, 40, 88, 5, 69], [104, 142, 69, 2, 63, 38], [104, 142, 69, 2, 63, 38], [15, 63, 154, 99, 29, 76], [15, 63, 154, 99, 29, 76]]","[35, 35, 30, 53, 40, 0, 0, 0, 0]",9,21.4444444444,53,"[0.39325842696629215, 0.39325842696629215, 0.23076923076923078, 0.9636363636363636, 0.7692307692307693, 0.0, 0.0, 0.0, 0.0]",9,0.30557257973,0.963636363636
64,"[[75, 151, 16, 64, 41, 91], [75, 151, 16, 64, 41, 91], [8, 78, 67, 158, 24, 64], [31, 95, 64, 16, 137, 87], [31, 95, 64, 16, 137, 87], [3, 64, 73, 90, 24, 128]]","[62, 62, 31, 14, 14, 0]",6,30.5,62,"[0.6888888888888889, 0.6888888888888889, 0.6326530612244898, 0.15730337078651685, 0.15730337078651685, 0.0]",6,0.387506263429,0.688888888889
65,"[[3, 76, 41, 47, 127, 65], [3, 76, 41, 47, 127, 65], [94, 65, 129, 20, 83, 43], [94, 65, 129, 20, 83, 43], [13, 102, 30, 19, 147, 65], [13, 102, 30, 19, 147, 65], [12, 40, 141, 65, 70, 101], [12, 40, 141, 65, 70, 101], [37, 9, 134, 65, 76, 89], [37, 9, 134, 65, 76, 89], [21, 140, 83, 65, 14, 26], [21, 140, 83, 65, 14, 26], [20, 38, 65, 5, 158, 89], [20, 38, 65, 5, 158, 89]]","[59, 59, 55, 55, 43, 43, 0, 0, 0, 0, 26, 26, 93, 93]",14,39.4285714286,93,"[0.5, 0.5, 0.6395348837209303, 0.6395348837209303, 0.5119047619047619, 0.5119047619047619, 0.0, 0.0, 0.0, 0.0, 0.2736842105263158, 0.2736842105263158, 1.0, 1.0]",14,0.417874836593,1.0
66,"[[66, 140, 103, 32, 74, 1], [66, 140, 103, 32, 74, 1], [15, 36, 94, 73, 66, 140], [15, 36, 94, 73, 66, 140], [157, 29, 66, 85, 22, 74], [157, 29, 66, 85, 22, 74], [80, 150, 66, 94, 17, 33], [80, 150, 66, 94, 17, 33]]","[29, 29, 72, 72, 56, 56, 0, 0]",8,39.25,72,"[0.3118279569892473, 0.3118279569892473, 0.8571428571428571, 0.8571428571428571, 0.5773195876288659, 0.5773195876288659, 0.0, 0.0]",8,0.43657260044,0.857142857143
67,"[[50, 60, 72, 39, 154, 67], [50, 60, 72, 39, 154, 67], [8, 78, 67, 158, 24, 64], [126, 67, 41, 18, 100, 85], [126, 67, 41, 18, 100, 85], [155, 72, 1, 67, 56, 43], [155, 72, 1, 67, 56, 43]]","[35, 35, 78, 81, 81, 18, 18]",7,49.4285714286,81,"[0.3333333333333333, 0.3333333333333333, 0.5652173913043478, 0.7363636363636363, 0.7363636363636363, 0.18, 0.18]",7,0.437801618671,0.736363636364
68,"[[87, 143, 58, 26, 68, 12], [87, 143, 58, 26, 68, 12], [66, 15, 126, 30, 85, 68], [66, 15, 126, 30, 85, 68], [68, 31, 12, 69, 136, 84], [68, 31, 12, 69, 136, 84]]","[74, 74, 0, 0, 58, 58]",6,44.0,74,"[0.8131868131868132, 0.8131868131868132, 0.0, 0.0, 0.6105263157894737, 0.6105263157894737]",6,0.474571042992,0.813186813187
69,"[[69, 54, 150, 9, 37, 97], [69, 54, 150, 9, 37, 97], [69, 103, 32, 137, 3, 52], [69, 103, 32, 137, 3, 52], [63, 140, 40, 88, 5, 69], [63, 140, 40, 88, 5, 69], [104, 142, 69, 2, 63, 38], [104, 142, 69, 2, 63, 38], [68, 31, 12, 69, 136, 84]]","[16, 16, 100, 100, 87, 87, 87, 87, 87]",9,74.1111111111,100,"[0.18823529411764706, 0.18823529411764706, 1.0, 1.0, 1.0, 1.0, 1.0, 1.0, 0.5723684210526315]",9,0.772093223254,1.0
70,"[[23, 14, 70, 133, 56, 89], [23, 14, 70, 133, 56, 89], [12, 40, 141, 65, 70, 101], [12, 40, 141, 65, 70, 101], [132, 53, 70, 33, 4, 103], [132, 53, 70, 33, 4, 103], [43, 103, 4, 70, 158, 53], [43, 103, 4, 70, 158, 53], [27, 15, 70, 58, 101, 151], [27, 15, 70, 58, 101, 151]]","[23, 23, 0, 0, 33, 33, 46, 46, 40, 40]",10,28.4,46,"[0.22772277227722773, 0.22772277227722773, 0.0, 0.0, 0.4647887323943662, 0.4647887323943662, 0.4842105263157895, 0.4842105263157895, 0.5263157894736842, 0.5263157894736842]",10,0.340607564092,0.526315789474
71,"[[10, 132, 71, 58, 85, 90], [10, 132, 71, 58, 85, 90], [96, 88, 35, 71, 4, 146], [96, 88, 35, 71, 4, 146], [146, 47, 7, 71, 60, 44], [146, 47, 7, 71, 60, 44], [71, 95, 130, 16, 43, 54]]","[34, 34, 79, 79, 27, 27, 26]",7,43.7142857143,79,"[0.39080459770114945, 0.39080459770114945, 0.8404255319148937, 0.8404255319148937, 0.3333333333333333, 0.3333333333333333, 0.5098039215686274]",7,0.519847263924,0.840425531915
72,"[[50, 60, 72, 39, 154, 67], [50, 60, 72, 39, 154, 67], [5, 143, 103, 72, 42, 82], [5, 143, 103, 72, 42, 82], [9, 98, 29, 72, 59, 135], [9, 98, 29, 72, 59, 135], [155, 72, 1, 67, 56, 43], [155, 72, 1, 67, 56, 43]]","[15, 15, 71, 71, 83, 83, 89, 89]",8,64.5,89,"[0.17647058823529413, 0.17647058823529413, 0.7717391304347826, 0.7717391304347826, 1.0, 1.0, 1.0, 1.0]",8,0.737052429668,1.0
73,"[[73, 29, 86, 10, 63, 136], [73, 29, 86, 10, 63, 136], [15, 36, 94, 73, 66, 140], [15, 36, 94, 73, 66, 140], [125, 73, 53, 1, 87, 41], [125, 73, 53, 1, 87, 41], [19, 73, 50, 96, 10, 148], [19, 73, 50, 96, 10, 148], [2, 125, 49, 38, 73, 92], [2, 125, 49, 38, 73, 92], [3, 64, 73, 90, 24, 128], [3, 64, 73, 90, 24, 128], [9, 57, 149, 73, 44, 104], [9, 57, 149, 73, 44, 104]]","[17, 17, 40, 40, 71, 71, 32, 32, 55, 55, 29, 29, 17, 17]",14,37.2857142857,71,"[0.19318181818181818, 0.19318181818181818, 0.36363636363636365, 0.36363636363636365, 0.7634408602150538, 0.7634408602150538, 0.34408602150537637, 0.34408602150537637, 0.6470588235294118, 0.6470588235294118, 0.25663716814159293, 0.25663716814159293, 0.1559633027522936, 0.1559633027522936]",14,0.389143479709,0.763440860215
74,"[[96, 74, 44, 59, 151, 88], [96, 74, 44, 59, 151, 88], [66, 140, 103, 32, 74, 1], [66, 140, 103, 32, 74, 1], [44, 74, 53, 84, 127, 98], [30, 74, 135, 47, 104, 14], [30, 74, 135, 47, 104, 14], [157, 29, 66, 85, 22, 74], [157, 29, 66, 85, 22, 74], [42, 102, 62, 74, 8, 156], [42, 102, 62, 74, 8, 156], [74, 133, 51, 10, 36, 104], [74, 133, 51, 10, 36, 104], [139, 46, 52, 45, 11, 74], [139, 46, 52, 45, 11, 74]]","[39, 39, 55, 55, 44, 58, 58, 59, 59, 0, 0, 44, 44, 57, 57]",15,44.5333333333,59,"[0.4431818181818182, 0.4431818181818182, 0.5445544554455446, 0.5445544554455446, 0.6470588235294118, 0.6744186046511628, 0.6744186046511628, 0.5221238938053098, 0.5221238938053098, 0.0, 0.0, 0.43137254901960786, 0.43137254901960786, 0.7916666666666666, 0.7916666666666666]",15,0.497446319938,0.791666666667
75,"[[75, 151, 16, 64, 41, 91], [75, 151, 16, 64, 41, 91], [93, 75, 133, 32, 63, 5], [75, 98, 41, 145, 82, 59], [75, 98, 41, 145, 82, 59], [156, 60, 99, 17, 75, 42], [156, 60, 99, 17, 75, 42], [27, 2, 82, 75, 137, 102], [27, 2, 82, 75, 137, 102]]","[17, 17, 87, 18, 18, 87, 87, 89, 89]",9,56.5555555556,89,"[0.17525773195876287, 0.17525773195876287, 0.7016129032258065, 0.20930232558139536, 0.20930232558139536, 0.7565217391304347, 0.7565217391304347, 0.839622641509434, 0.839622641509434]",9,0.518113531065,0.839622641509
76,"[[3, 76, 41, 47, 127, 65], [96, 60, 147, 83, 34, 76], [96, 60, 147, 83, 34, 76], [155, 95, 76, 55, 24, 3], [155, 95, 76, 55, 24, 3], [76, 23, 55, 152, 4, 90], [37, 9, 134, 65, 76, 89], [37, 9, 134, 65, 76, 89], [15, 63, 154, 99, 29, 76], [15, 63, 154, 99, 29, 76], [76, 104, 35, 9, 132, 56], [76, 104, 35, 9, 132, 56]]","[85, 59, 59, 76, 76, 19, 43, 43, 90, 90, 61, 61]",12,63.5,90,"[0.5782312925170068, 0.5, 0.5, 0.6440677966101694, 0.6440677966101694, 0.30158730158730157, 0.43434343434343436, 0.43434343434343436, 1.0, 1.0, 0.6224489795918368, 0.6224489795918368]",12,0.606794917933,1.0
77,"[[94, 77, 59, 31, 6, 125], [94, 77, 59, 31, 6, 125], [63, 6, 22, 157, 77, 36], [63, 6, 22, 157, 77, 36], [86, 77, 11, 134, 26, 20], [86, 77, 11, 134, 26, 20], [37, 136, 17, 77, 84, 52], [37, 136, 17, 77, 84, 52], [77, 10, 44, 50, 129, 93], [5, 31, 77, 20, 83, 123], [5, 31, 77, 20, 83, 123], [53, 144, 47, 77, 37, 14], [53, 144, 47, 77, 37, 14]]","[87, 87, 12, 12, 31, 31, 45, 45, 58, 57, 57, 71, 71]",13,51.0769230769,87,"[0.9456521739130435, 0.9456521739130435, 0.14285714285714285, 0.14285714285714285, 0.36046511627906974, 0.36046511627906974, 0.47368421052631576, 0.47368421052631576, 1.0, 0.6333333333333333, 0.6333333333333333, 0.6574074074074074, 0.6574074074074074]",13,0.571292212972,1.0
78,"[[156, 25, 61, 78, 95, 19], [156, 25, 61, 78, 95, 19], [21, 29, 18, 78, 102, 124], [8, 78, 67, 158, 24, 64], [8, 78, 67, 158, 24, 64], [78, 8, 93, 61, 143, 41], [78, 8, 93, 61, 143, 41], [60, 78, 8, 93, 30, 138], [60, 78, 8, 93, 30, 138], [65, 144, 7, 78, 83, 36], [46, 31, 65, 1, 78, 143], [46, 31, 65, 1, 78, 143]]","[0, 0, 88, 69, 69, 37, 37, 47, 47, 17, 4, 4]",12,34.9166666667,88,"[0.0, 0.0, 0.6984126984126984, 0.8414634146341463, 0.8414634146341463, 0.4157303370786517, 0.4157303370786517, 0.5164835164835165, 0.5164835164835165, 0.2786885245901639, 0.043010752688172046, 0.043010752688172046]",12,0.384206438731,0.841463414634
79,"[[53, 99, 155, 41, 2, 79], [91, 38, 79, 88, 156, 19], [91, 38, 79, 88, 156, 19], [53, 1, 28, 79, 100, 152], [53, 1, 28, 79, 100, 152], [46, 39, 6, 58, 122, 79]]","[91, 90, 90, 50, 50, 70]",6,73.5,91,"[0.7165354330708661, 0.9090909090909091, 0.9090909090909091, 0.5747126436781609, 0.5747126436781609, 0.5072463768115942]",6,0.698564819237,0.909090909091
80,"[[25, 61, 152, 91, 80, 17], [25, 61, 152, 91, 80, 17], [123, 80, 7, 89, 56, 34], [80, 99, 121, 48, 33, 14], [80, 99, 121, 48, 33, 14], [103, 23, 134, 10, 80, 59], [103, 23, 134, 10, 80, 59], [14, 37, 20, 104, 80, 138], [14, 37, 20, 104, 80, 138], [80, 150, 66, 94, 17, 33], [80, 150, 66, 94, 17, 33]]","[25, 25, 8, 36, 36, 17, 17, 76, 76, 67, 67]",11,40.9090909091,76,"[0.27472527472527475, 0.27472527472527475, 0.1509433962264151, 0.4090909090909091, 0.4090909090909091, 0.18681318681318682, 0.18681318681318682, 1.0, 1.0, 0.5775862068965517, 0.5775862068965517]",11,0.458852231934,1.0
81,"[[14, 51, 143, 81, 27, 20], [14, 51, 143, 81, 27, 20], [136, 40, 81, 17, 101, 51], [136, 40, 81, 17, 101, 51], [4, 81, 35, 153, 104, 51], [4, 81, 35, 153, 104, 51], [51, 17, 81, 27, 133, 101], [51, 17, 81, 27, 133, 101], [1, 96, 129, 57, 44, 81], [1, 96, 129, 57, 44, 81], [152, 86, 6, 81, 98, 28], [152, 86, 6, 81, 98, 28], [35, 6, 88, 89, 81, 142], [35, 6, 88, 89, 81, 142]]","[75, 75, 33, 33, 63, 63, 23, 23, 42, 42, 18, 18, 81, 81]",14,47.8571428571,81,"[0.8823529411764706, 0.8823529411764706, 0.3793103448275862, 0.3793103448275862, 0.5779816513761468, 0.5779816513761468, 0.27058823529411763, 0.27058823529411763, 0.46153846153846156, 0.46153846153846156, 0.16981132075471697, 0.16981132075471697, 0.9642857142857143, 0.9642857142857143]",14,0.529409809893,0.964285714286
82,"[[5, 143, 103, 72, 42, 82], [5, 143, 103, 72, 42, 82], [98, 126, 43, 82, 18, 55], [98, 126, 43, 82, 18, 55], [75, 98, 41, 145, 82, 59], [75, 98, 41, 145, 82, 59], [27, 2, 82, 75, 137, 102], [27, 2, 82, 75, 137, 102], [131, 58, 97, 15, 82, 39], [131, 58, 97, 15, 82, 39]]","[70, 70, 71, 71, 86, 86, 0, 0, 54, 54]",10,56.2,86,"[0.6666666666666666, 0.6666666666666666, 0.7029702970297029, 0.7029702970297029, 1.0, 1.0, 0.0, 0.0, 0.675, 0.675]",10,0.608927392739,1.0
83,"[[96, 60, 147, 83, 34, 76], [94, 65, 129, 20, 83, 43], [94, 65, 129, 20, 83, 43], [22, 89, 83, 31, 139, 15], [11, 49, 83, 29, 99, 121], [101, 83, 36, 127, 52, 13], [101, 83, 36, 127, 52, 13], [21, 140, 83, 65, 14, 26], [21, 140, 83, 65, 14, 26], [5, 31, 77, 20, 83, 123], [5, 31, 77, 20, 83, 123], [65, 144, 7, 78, 83, 36], [65, 144, 7, 78, 83, 36]]","[63, 70, 70, 27, 6, 84, 84, 33, 33, 72, 72, 89, 89]",13,60.9230769231,89,"[0.4701492537313433, 0.7291666666666666, 0.7291666666666666, 1.0, 0.24, 1.0, 1.0, 0.36666666666666664, 0.36666666666666664, 0.8181818181818182, 0.8181818181818182, 0.956989247311828, 0.956989247311828]",13,0.727089080876,1.0
84,"[[141, 12, 84, 100, 45, 48], [141, 12, 84, 100, 45, 48], [44, 74, 53, 84, 127, 98], [44, 74, 53, 84, 127, 98], [37, 136, 17, 77, 84, 52], [37, 136, 17, 77, 84, 52], [135, 16, 84, 95, 26, 58], [135, 16, 84, 95, 26, 58], [25, 57, 101, 84, 71, 127]]","[54, 54, 12, 12, 55, 55, 75, 75, 65]",9,50.7777777778,75,"[0.5192307692307693, 0.5192307692307693, 0.13953488372093023, 0.13953488372093023, 0.5339805825242718, 0.5339805825242718, 0.8426966292134831, 0.8426966292134831, 0.4276315789473684]",9,0.499835256481,0.842696629213
85,"[[10, 132, 71, 58, 85, 90], [27, 145, 85, 99, 51, 8], [27, 145, 85, 99, 51, 8], [157, 29, 66, 85, 22, 74], [157, 29, 66, 85, 22, 74], [66, 15, 126, 30, 85, 68], [66, 15, 126, 30, 85, 68], [85, 3, 30, 154, 60, 90], [85, 3, 30, 154, 60, 90], [25, 85, 19, 18, 122, 90], [126, 67, 41, 18, 100, 85], [126, 67, 41, 18, 100, 85]]","[51, 54, 54, 50, 50, 41, 41, 75, 75, 62, 93, 93]",12,61.5833333333,93,"[0.7285714285714285, 0.6206896551724138, 0.6206896551724138, 0.5263157894736842, 0.5263157894736842, 0.5324675324675324, 0.5324675324675324, 0.9868421052631579, 0.9868421052631579, 1.0, 1.0, 1.0]",12,0.755100132777,1.0
86,"[[73, 29, 86, 10, 63, 136], [73, 29, 86, 10, 63, 136], [86, 77, 11, 134, 26, 20], [86, 77, 11, 134, 26, 20], [46, 45, 56, 86, 148, 16], [46, 45, 56, 86, 148, 16], [86, 124, 60, 48, 39, 21], [86, 124, 60, 48, 39, 21], [21, 16, 28, 94, 153, 86], [21, 16, 28, 94, 153, 86], [86, 28, 94, 11, 62, 124], [86, 28, 94, 11, 62, 124]]","[24, 24, 58, 58, 45, 45, 89, 89, 92, 92, 49, 49]",12,59.5,92,"[0.2727272727272727, 0.2727272727272727, 0.6444444444444445, 0.6444444444444445, 0.5421686746987951, 0.5421686746987951, 1.0, 1.0, 0.8679245283018868, 0.8679245283018868, 0.4224137931034483, 0.4224137931034483]",12,0.624946452213,1.0
87,"[[49, 87, 13, 52, 149, 33], [49, 87, 13, 52, 149, 33], [125, 73, 53, 1, 87, 41], [125, 73, 53, 1, 87, 41], [87, 143, 58, 26, 68, 12], [87, 143, 58, 26, 68, 12], [31, 95, 64, 16, 137, 87], [31, 95, 64, 16, 137, 87], [59, 100, 152, 18, 87, 45], [59, 100, 152, 18, 87, 45], [30, 87, 141, 100, 18, 54], [30, 87, 141, 100, 18, 54]]","[65, 65, 78, 78, 39, 39, 13, 13, 41, 41, 29, 29]",12,44.1666666667,78,"[0.8125, 0.8125, 0.7027027027027027, 0.7027027027027027, 0.4482758620689655, 0.4482758620689655, 0.1262135922330097, 0.1262135922330097, 0.4606741573033708, 0.4606741573033708, 0.2636363636363636, 0.2636363636363636]",12,0.469000446324,0.8125
88,"[[96, 74, 44, 59, 151, 88], [96, 74, 44, 59, 151, 88], [101, 51, 42, 150, 88, 16], [101, 51, 42, 150, 88, 16], [91, 38, 79, 88, 156, 19], [91, 38, 79, 88, 156, 19], [96, 88, 35, 71, 4, 146], [96, 88, 35, 71, 4, 146], [63, 140, 40, 88, 5, 69], [63, 140, 40, 88, 5, 69], [7, 88, 91, 79, 144, 34], [7, 88, 91, 79, 144, 34], [35, 6, 88, 89, 81, 142], [35, 6, 88, 89, 81, 142]]","[60, 60, 54, 54, 28, 28, 28, 28, 91, 91, 13, 13, 26, 26]",14,42.8571428571,91,"[0.5263157894736842, 0.5263157894736842, 0.6067415730337079, 0.6067415730337079, 0.3111111111111111, 0.3111111111111111, 0.32558139534883723, 0.32558139534883723, 1.0, 1.0, 0.14772727272727273, 0.14772727272727273, 0.2765957446808511, 0.2765957446808511]",14,0.456296126625,1.0
89,"[[23, 14, 70, 133, 56, 89], [23, 14, 70, 133, 56, 89], [123, 80, 7, 89, 56, 34], [123, 80, 7, 89, 56, 34], [22, 89, 83, 31, 139, 15], [3, 154, 89, 61, 20, 23], [3, 154, 89, 61, 20, 23], [37, 9, 134, 65, 76, 89], [37, 9, 134, 65, 76, 89], [35, 6, 88, 89, 81, 142], [35, 6, 88, 89, 81, 142]]","[0, 0, 67, 67, 1, 16, 16, 81, 81, 88, 88]",11,45.9090909091,88,"[0.0, 0.0, 0.6836734693877551, 0.6836734693877551, 0.015384615384615385, 0.1839080459770115, 0.1839080459770115, 0.75, 0.75, 0.8301886792452831, 0.8301886792452831]",11,0.446447727691,0.830188679245
90,"[[10, 132, 71, 58, 85, 90], [10, 132, 71, 58, 85, 90], [90, 15, 57, 131, 31, 76], [90, 15, 57, 131, 31, 76], [76, 23, 55, 152, 4, 90], [76, 23, 55, 152, 4, 90], [85, 3, 30, 154, 60, 90], [85, 3, 30, 154, 60, 90], [3, 64, 73, 90, 24, 128], [3, 64, 73, 90, 24, 128], [25, 85, 19, 18, 122, 90], [25, 85, 19, 18, 122, 90]]","[42, 42, 35, 35, 69, 69, 2, 2, 64, 64, 16, 16]",12,38.0,69,"[0.4883720930232558, 0.4883720930232558, 0.43209876543209874, 0.43209876543209874, 0.7419354838709677, 0.7419354838709677, 0.021739130434782608, 0.021739130434782608, 0.8421052631578947, 0.8421052631578947, 0.1839080459770115, 0.1839080459770115]",12,0.451693130316,0.842105263158
91,"[[25, 61, 152, 91, 80, 17], [25, 61, 152, 91, 80, 17], [91, 38, 79, 88, 156, 19], [91, 38, 79, 88, 156, 19], [75, 151, 16, 64, 41, 91], [75, 151, 16, 64, 41, 91], [7, 88, 91, 79, 144, 34]]","[87, 87, 80, 80, 14, 14, 55]",7,59.5714285714,87,"[1.0, 1.0, 0.8247422680412371, 0.8247422680412371, 0.15555555555555556, 0.15555555555555556, 0.36423841059602646]",7,0.617833436827,1.0
92,"[[11, 21, 92, 122, 25, 62], [11, 21, 92, 122, 25, 62], [62, 78, 11, 149, 24, 92], [32, 92, 61, 145, 5, 49], [32, 92, 61, 145, 5, 49], [2, 125, 49, 38, 73, 92], [2, 125, 49, 38, 73, 92]]","[81, 81, 52, 0, 0, 45, 45]",7,43.4285714286,81,"[0.9878048780487805, 0.9878048780487805, 0.8, 0.0, 0.0, 0.5357142857142857, 0.5357142857142857]",7,0.549576903932,0.987804878049
93,"[[45, 22, 5, 93, 56, 144], [57, 25, 128, 2, 47, 93], [57, 25, 128, 2, 47, 93], [93, 75, 133, 32, 63, 5], [93, 75, 133, 32, 63, 5], [38, 93, 61, 47, 7, 123], [38, 93, 61, 47, 7, 123], [77, 10, 44, 50, 129, 93], [77, 10, 44, 50, 129, 93], [78, 8, 93, 61, 143, 41], [78, 8, 93, 61, 143, 41], [60, 78, 8, 93, 30, 138], [60, 78, 8, 93, 30, 138]]","[39, 0, 0, 0, 0, 38, 38, 49, 49, 71, 71, 36, 36]",13,32.8461538462,71,"[0.7358490566037735, 0.0, 0.0, 0.0, 0.0, 0.4523809523809524, 0.4523809523809524, 0.5384615384615384, 0.5384615384615384, 0.9342105263157895, 0.9342105263157895, 0.4235294117647059, 0.4235294117647059]",13,0.417924147265,0.934210526316
94,"[[94, 77, 59, 31, 6, 125], [94, 77, 59, 31, 6, 125], [15, 36, 94, 73, 66, 140], [15, 36, 94, 73, 66, 140], [94, 65, 129, 20, 83, 43], [94, 65, 129, 20, 83, 43], [21, 16, 28, 94, 153, 86], [21, 16, 28, 94, 153, 86], [86, 28, 94, 11, 62, 124], [86, 28, 94, 11, 62, 124], [80, 150, 66, 94, 17, 33]]","[24, 24, 0, 0, 32, 32, 47, 47, 87, 87, 20]",11,36.3636363636,87,"[0.25806451612903225, 0.25806451612903225, 0.0, 0.0, 0.35555555555555557, 0.35555555555555557, 0.5108695652173914, 0.5108695652173914, 1.0, 1.0, 0.5882352941176471]",11,0.439746778902,1.0
95,"[[156, 25, 61, 78, 95, 19], [156, 25, 61, 78, 95, 19], [95, 13, 49, 66, 34, 147], [95, 13, 49, 66, 34, 147], [31, 95, 64, 16, 137, 87], [31, 95, 64, 16, 137, 87], [135, 16, 84, 95, 26, 58], [135, 16, 84, 95, 26, 58]]","[66, 66, 0, 0, 32, 32, 65, 65]",8,40.75,66,"[0.7252747252747253, 0.7252747252747253, 0.0, 0.0, 0.32989690721649484, 0.32989690721649484, 0.5963302752293578, 0.5963302752293578]",8,0.41287547693,0.725274725275
96,"[[96, 74, 44, 59, 151, 88], [96, 74, 44, 59, 151, 88], [96, 60, 147, 83, 34, 76], [96, 60, 147, 83, 34, 76], [96, 88, 35, 71, 4, 146], [96, 88, 35, 71, 4, 146], [144, 2, 96, 54, 50, 42], [19, 73, 50, 96, 10, 148], [19, 73, 50, 96, 10, 148], [1, 96, 129, 57, 44, 81], [1, 96, 129, 57, 44, 81], [96, 36, 7, 55, 147, 46], [96, 36, 7, 55, 147, 46]]","[64, 64, 49, 49, 10, 10, 60, 33, 33, 48, 48, 58, 58]",13,44.9230769231,64,"[0.6881720430107527, 0.6881720430107527, 0.5833333333333334, 0.5833333333333334, 0.10869565217391304, 0.10869565217391304, 0.43478260869565216, 0.3548387096774194, 0.3548387096774194, 0.4897959183673469, 0.4897959183673469, 0.5686274509803921, 0.5686274509803921]",13,0.46320837106,0.688172043011
97,"[[9, 97, 59, 46, 142, 23], [9, 97, 59, 46, 142, 23], [69, 54, 150, 9, 37, 97], [131, 58, 97, 15, 82, 39], [131, 58, 97, 15, 82, 39]]","[60, 60, 38, 36, 36]",5,46.0,60,"[0.6741573033707865, 0.6741573033707865, 0.9743589743589743, 0.47368421052631576, 0.47368421052631576]",5,0.654008400431,0.974358974359
98,"[[44, 74, 53, 84, 127, 98], [44, 74, 53, 84, 127, 98], [98, 126, 43, 82, 18, 55], [98, 126, 43, 82, 18, 55], [75, 98, 41, 145, 82, 59], [75, 98, 41, 145, 82, 59], [9, 98, 29, 72, 59, 135], [9, 98, 29, 72, 59, 135], [152, 86, 6, 81, 98, 28], [152, 86, 6, 81, 98, 28]]","[41, 41, 52, 52, 61, 61, 40, 40, 3, 3]",10,39.4,61,"[0.44086021505376344, 0.44086021505376344, 0.5909090909090909, 0.5909090909090909, 0.6559139784946236, 0.6559139784946236, 0.4444444444444444, 0.4444444444444444, 0.03571428571428571, 0.03571428571428571]",10,0.433568402923,0.655913978495
99,"[[27, 145, 85, 99, 51, 8], [27, 145, 85, 99, 51, 8], [80, 99, 121, 48, 33, 14], [80, 99, 121, 48, 33, 14], [11, 49, 83, 29, 99, 121], [156, 60, 99, 17, 75, 42], [156, 60, 99, 17, 75, 42], [15, 63, 154, 99, 29, 76], [15, 63, 154, 99, 29, 76]]","[78, 78, 18, 18, 23, 76, 76, 82, 82]",9,59.0,82,"[0.7572815533980582, 0.7572815533980582, 0.21428571428571427, 0.21428571428571427, 0.48936170212765956, 1.0, 1.0, 0.82, 0.82]",9,0.674721804166,1.0
100,"[[141, 12, 84, 100, 45, 48], [141, 12, 84, 100, 45, 48], [40, 49, 100, 152, 12, 53], [40, 49, 100, 152, 12, 53], [53, 1, 28, 79, 100, 152], [53, 1, 28, 79, 100, 152], [59, 100, 152, 18, 87, 45], [59, 100, 152, 18, 87, 45], [30, 87, 141, 100, 18, 54], [30, 87, 141, 100, 18, 54], [126, 67, 41, 18, 100, 85], [126, 67, 41, 18, 100, 85], [23, 1, 100, 139, 49, 52], [23, 1, 100, 139, 49, 52]]","[74, 74, 27, 27, 33, 33, 46, 46, 72, 72, 17, 17, 66, 66]",14,47.8571428571,74,"[0.8604651162790697, 0.8604651162790697, 0.35064935064935066, 0.35064935064935066, 0.2972972972972973, 0.2972972972972973, 0.4742268041237113, 0.4742268041237113, 0.631578947368421, 0.631578947368421, 0.1827956989247312, 0.1827956989247312, 0.8571428571428571, 0.8571428571428571]",14,0.522022295969,0.860465116279
101,"[[101, 51, 42, 150, 88, 16], [101, 51, 42, 150, 88, 16], [136, 40, 81, 17, 101, 51], [136, 40, 81, 17, 101, 51], [51, 17, 81, 27, 133, 101], [51, 17, 81, 27, 133, 101], [12, 40, 141, 65, 70, 101], [12, 40, 141, 65, 70, 101], [25, 57, 101, 84, 71, 127], [25, 57, 101, 84, 71, 127], [27, 15, 70, 58, 101, 151], [27, 15, 70, 58, 101, 151]]","[71, 71, 75, 75, 62, 62, 0, 0, 87, 87, 26, 26]",12,53.5,87,"[0.8068181818181818, 0.8068181818181818, 0.974025974025974, 0.974025974025974, 0.5961538461538461, 0.5961538461538461, 0.0, 0.0, 0.87, 0.87, 0.325, 0.325]",12,0.595333000333,0.974025974026
102,"[[21, 29, 18, 78, 102, 124], [13, 102, 30, 19, 147, 65], [13, 102, 30, 19, 147, 65], [42, 102, 62, 74, 8, 156], [42, 102, 62, 74, 8, 156], [130, 47, 22, 102, 40, 13], [130, 47, 22, 102, 40, 13], [27, 2, 82, 75, 137, 102], [27, 2, 82, 75, 137, 102]]","[94, 75, 75, 93, 93, 17, 17, 92, 92]",9,72.0,94,"[0.6527777777777778, 0.7575757575757576, 0.7575757575757576, 1.0, 1.0, 0.16037735849056603, 0.16037735849056603, 0.9787234042553191, 0.9787234042553191]",9,0.716236757602,1.0
103,"[[66, 140, 103, 32, 74, 1], [66, 140, 103, 32, 74, 1], [5, 143, 103, 72, 42, 82], [5, 143, 103, 72, 42, 82], [69, 103, 32, 137, 3, 52], [103, 23, 134, 10, 80, 59], [103, 23, 134, 10, 80, 59], [43, 103, 4, 70, 158, 53], [43, 103, 4, 70, 158, 53]]","[13, 13, 70, 70, 37, 48, 48, 59, 59]",9,46.3333333333,70,"[0.14606741573033707, 0.14606741573033707, 0.8235294117647058, 0.8235294117647058, 0.29838709677419356, 0.5517241379310345, 0.5517241379310345, 0.6555555555555556, 0.6555555555555556]",9,0.51690445986,0.823529411765
104,"[[49, 104, 4, 132, 52, 39], [49, 104, 4, 132, 52, 39], [30, 74, 135, 47, 104, 14], [30, 74, 135, 47, 104, 14], [4, 81, 35, 153, 104, 51], [104, 142, 69, 2, 63, 38], [104, 142, 69, 2, 63, 38], [14, 37, 20, 104, 80, 138], [74, 133, 51, 10, 36, 104], [74, 133, 51, 10, 36, 104], [76, 104, 35, 9, 132, 56], [76, 104, 35, 9, 132, 56], [9, 57, 149, 73, 44, 104]]","[5, 5, 49, 49, 8, 67, 67, 87, 0, 0, 77, 77, 65]",13,42.7692307692,87,"[0.05434782608695652, 0.05434782608695652, 0.48514851485148514, 0.48514851485148514, 0.125, 0.7052631578947368, 0.7052631578947368, 0.7131147540983607, 0.0, 0.0, 0.77, 0.77, 0.4276315789473684]",13,0.407328102362,0.77
121,"[[80, 99, 121, 48, 33, 14], [80, 99, 121, 48, 33, 14], [11, 49, 83, 29, 99, 121]]","[72, 72, 13]",3,52.3333333333,72,"[0.782608695652174, 0.782608695652174, 0.2]",3,0.588405797101,0.782608695652
122,"[[11, 21, 92, 122, 25, 62], [11, 21, 92, 122, 25, 62], [46, 39, 6, 58, 122, 79], [25, 85, 19, 18, 122, 90], [25, 85, 19, 18, 122, 90]]","[38, 38, 34, 8, 8]",5,25.2,38,"[0.4578313253012048, 0.4578313253012048, 0.85, 0.08080808080808081, 0.08080808080808081]",5,0.385455762444,0.85
123,"[[123, 80, 7, 89, 56, 34], [38, 93, 61, 47, 7, 123], [38, 93, 61, 47, 7, 123], [5, 31, 77, 20, 83, 123], [5, 31, 77, 20, 83, 123]]","[11, 0, 0, 61, 61]",5,26.6,61,"[0.21568627450980393, 0.0, 0.0, 0.7261904761904762, 0.7261904761904762]",5,0.333613445378,0.72619047619
124,"[[21, 29, 18, 78, 102, 124], [21, 29, 18, 78, 102, 124], [86, 124, 60, 48, 39, 21], [86, 124, 60, 48, 39, 21]]","[73, 73, 34, 34]",4,53.5,73,"[1.0, 1.0, 0.4788732394366197, 0.4788732394366197]",4,0.739436619718,1.0
125,"[[94, 77, 59, 31, 6, 125], [94, 77, 59, 31, 6, 125], [125, 60, 39, 10, 102, 79], [125, 60, 39, 10, 102, 79], [125, 73, 53, 1, 87, 41], [125, 73, 53, 1, 87, 41], [82, 19, 56, 97, 34, 125], [2, 125, 49, 38, 73, 92], [2, 125, 49, 38, 73, 92]]","[75, 75, 36, 36, 33, 33, 90, 76, 76]",9,58.8888888889,90,"[0.9493670886075949, 0.9493670886075949, 0.45569620253164556, 0.45569620253164556, 0.35106382978723405, 0.35106382978723405, 0.7377049180327869, 1.0, 1.0]",9,0.694439906654,1.0
126,"[[98, 126, 43, 82, 18, 55], [98, 126, 43, 82, 18, 55], [66, 15, 126, 30, 85, 68], [66, 15, 126, 30, 85, 68]]","[66, 66, 0, 0]",4,33.0,66,"[0.7857142857142857, 0.7857142857142857, 0.0, 0.0]",4,0.392857142857,0.785714285714
127,"[[3, 76, 41, 47, 127, 65], [44, 74, 53, 84, 127, 98], [44, 74, 53, 84, 127, 98], [101, 83, 36, 127, 52, 13], [101, 83, 36, 127, 52, 13]]","[22, 0, 0, 91, 91]",5,40.8,91,"[0.43137254901960786, 0.0, 0.0, 1.0, 1.0]",5,0.486274509804,1.0
128,"[[57, 25, 128, 2, 47, 93], [57, 25, 128, 2, 47, 93], [3, 64, 73, 90, 24, 128], [3, 64, 73, 90, 24, 128]]","[74, 74, 71, 71]",4,72.5,74,"[0.8409090909090909, 0.8409090909090909, 0.8160919540229885, 0.8160919540229885]",4,0.828500522466,0.840909090909
129,"[[94, 65, 129, 20, 83, 43], [94, 65, 129, 20, 83, 43], [1, 96, 129, 57, 44, 81], [1, 96, 129, 57, 44, 81], [77, 10, 44, 50, 129, 93]]","[26, 26, 0, 0, 69]",5,24.2,69,"[0.2988505747126437, 0.2988505747126437, 0.0, 0.0, 0.47586206896551725]",5,0.214712643678,0.475862068966
130,"[[71, 95, 130, 16, 43, 54], [130, 47, 22, 102, 40, 13], [130, 47, 22, 102, 40, 13]]","[8, 52, 52]",3,37.3333333333,52,"[0.24242424242424243, 0.5842696629213483, 0.5842696629213483]",3,0.470321189422,0.584269662921
131,"[[90, 15, 57, 131, 31, 76], [131, 58, 97, 15, 82, 39]]","[2, 1]",2,1.5,2,"[0.06060606060606061, 0.02702702702702703]",2,0.0438165438165,0.0606060606061
132,"[[49, 104, 4, 132, 52, 39], [49, 104, 4, 132, 52, 39], [10, 132, 71, 58, 85, 90], [132, 53, 70, 33, 4, 103], [132, 53, 70, 33, 4, 103], [76, 104, 35, 9, 132, 56], [76, 104, 35, 9, 132, 56]]","[87, 87, 45, 41, 41, 29, 29]",7,51.2857142857,87,"[1.0, 1.0, 0.8490566037735849, 0.45054945054945056, 0.45054945054945056, 0.2871287128712871, 0.2871287128712871]",7,0.617773275802,1.0
133,"[[23, 14, 70, 133, 56, 89], [23, 14, 70, 133, 56, 89], [93, 75, 133, 32, 63, 5], [93, 75, 133, 32, 63, 5], [51, 17, 81, 27, 133, 101], [74, 133, 51, 10, 36, 104], [74, 133, 51, 10, 36, 104]]","[10, 10, 36, 36, 56, 53, 53]",7,36.2857142857,56,"[0.11764705882352941, 0.11764705882352941, 0.5, 0.5, 0.875, 0.5463917525773195, 0.5463917525773195]",7,0.457582517543,0.875
134,"[[86, 77, 11, 134, 26, 20], [86, 77, 11, 134, 26, 20], [103, 23, 134, 10, 80, 59], [103, 23, 134, 10, 80, 59], [37, 9, 134, 65, 76, 89], [37, 9, 134, 65, 76, 89]]","[58, 58, 60, 60, 73, 73]",6,63.6666666667,73,"[0.6444444444444445, 0.6444444444444445, 0.6185567010309279, 0.6185567010309279, 0.8795180722891566, 0.8795180722891566]",6,0.714173072588,0.879518072289
135,"[[30, 74, 135, 47, 104, 14], [30, 74, 135, 47, 104, 14], [135, 16, 84, 95, 26, 58], [135, 16, 84, 95, 26, 58], [9, 98, 29, 72, 59, 135], [9, 98, 29, 72, 59, 135]]","[14, 14, 59, 59, 27, 27]",6,33.3333333333,59,"[0.13861386138613863, 0.13861386138613863, 0.5514018691588785, 0.5514018691588785, 0.25, 0.25]",6,0.313338576848,0.551401869159
136,"[[73, 29, 86, 10, 63, 136], [73, 29, 86, 10, 63, 136], [136, 40, 81, 17, 101, 51], [136, 40, 81, 17, 101, 51], [37, 136, 17, 77, 84, 52], [37, 136, 17, 77, 84, 52]]","[9, 9, 51, 51, 48, 48]",6,36.0,51,"[0.11842105263157894, 0.11842105263157894, 0.6219512195121951, 0.6219512195121951, 0.5052631578947369, 0.5052631578947369]",6,0.415211810013,0.621951219512
137,"[[69, 103, 32, 137, 3, 52], [69, 103, 32, 137, 3, 52], [31, 95, 64, 16, 137, 87], [31, 95, 64, 16, 137, 87], [27, 2, 82, 75, 137, 102], [27, 2, 82, 75, 137, 102]]","[14, 14, 49, 49, 93, 93]",6,52.0,93,"[0.14, 0.14, 0.5975609756097561, 0.5975609756097561, 1.0, 1.0]",6,0.57918699187,1.0
138,"[[14, 37, 20, 104, 80, 138], [14, 37, 20, 104, 80, 138], [60, 78, 8, 93, 30, 138], [60, 78, 8, 93, 30, 138]]","[90, 90, 70, 70]",4,80.0,90,"[0.9574468085106383, 0.9574468085106383, 0.8536585365853658, 0.8536585365853658]",4,0.905552672548,0.957446808511
139,"[[139, 46, 52, 45, 11, 74], [23, 1, 100, 139, 49, 52]]","[53, 67]",2,60.0,67,"[0.424, 0.46206896551724136]",2,0.443034482759,0.462068965517
140,"[[66, 140, 103, 32, 74, 1], [66, 140, 103, 32, 74, 1], [15, 36, 94, 73, 66, 140], [15, 36, 94, 73, 66, 140], [63, 140, 40, 88, 5, 69], [63, 140, 40, 88, 5, 69], [21, 140, 83, 65, 14, 26], [21, 140, 83, 65, 14, 26]]","[49, 49, 0, 0, 70, 70, 14, 14]",8,33.25,70,"[0.5568181818181818, 0.5568181818181818, 0.0, 0.0, 0.7526881720430108, 0.7526881720430108, 0.1590909090909091, 0.1590909090909091]",8,0.367149315738,0.752688172043
141,"[[141, 12, 84, 100, 45, 48], [141, 12, 84, 100, 45, 48], [12, 40, 141, 65, 70, 101], [12, 40, 141, 65, 70, 101], [30, 87, 141, 100, 18, 54], [30, 87, 141, 100, 18, 54]]","[48, 48, 41, 41, 55, 55]",6,48.0,55,"[0.5393258426966292, 0.5393258426966292, 0.3504273504273504, 0.3504273504273504, 0.7534246575342466, 0.7534246575342466]",6,0.547725950219,0.753424657534
142,"[[9, 97, 59, 46, 142, 23], [104, 142, 69, 2, 63, 38], [104, 142, 69, 2, 63, 38], [35, 6, 88, 89, 81, 142]]","[36, 44, 44, 84]",4,52.0,84,"[0.8181818181818182, 0.5057471264367817, 0.5057471264367817, 0.6511627906976745]",4,0.620209715438,0.818181818182
143,"[[14, 51, 143, 81, 27, 20], [14, 51, 143, 81, 27, 20], [5, 143, 103, 72, 42, 82], [5, 143, 103, 72, 42, 82], [87, 143, 58, 26, 68, 12], [87, 143, 58, 26, 68, 12], [78, 8, 93, 61, 143, 41], [78, 8, 93, 61, 143, 41], [46, 31, 65, 1, 78, 143], [46, 31, 65, 1, 78, 143]]","[78, 78, 28, 28, 19, 19, 10, 10, 74, 74]",10,41.8,78,"[0.7722772277227723, 0.7722772277227723, 0.3010752688172043, 0.3010752688172043, 0.2375, 0.2375, 0.12658227848101267, 0.12658227848101267, 0.7474747474747475, 0.7474747474747475]",10,0.436981904499,0.772277227723
144,"[[45, 22, 5, 93, 56, 144], [144, 2, 96, 54, 50, 42], [144, 2, 96, 54, 50, 42], [7, 88, 91, 79, 144, 34]]","[36, 63, 63, 49]",4,52.75,63,"[0.28346456692913385, 0.7159090909090909, 0.7159090909090909, 0.3712121212121212]",4,0.52162371749,0.715909090909
145,"[[27, 145, 85, 99, 51, 8], [27, 145, 85, 99, 51, 8], [75, 98, 41, 145, 82, 59], [75, 98, 41, 145, 82, 59], [32, 92, 61, 145, 5, 49], [32, 92, 61, 145, 5, 49]]","[63, 63, 60, 60, 86, 86]",6,69.6666666667,86,"[0.8289473684210527, 0.8289473684210527, 0.6451612903225806, 0.6451612903225806, 1.0, 1.0]",6,0.824702886248,1.0
146,"[[96, 88, 35, 71, 4, 146], [96, 88, 35, 71, 4, 146], [146, 47, 7, 71, 60, 44], [146, 47, 7, 71, 60, 44]]","[23, 23, 29, 29]",4,26.0,29,"[0.2911392405063291, 0.2911392405063291, 0.32954545454545453, 0.32954545454545453]",4,0.310342347526,0.329545454545
147,"[[96, 60, 147, 83, 34, 76], [95, 13, 49, 66, 34, 147], [95, 13, 49, 66, 34, 147], [96, 36, 7, 55, 147, 46]]","[8, 41, 41, 45]",4,33.75,45,"[0.19047619047619047, 0.4880952380952381, 0.4880952380952381, 0.7142857142857143]",4,0.470238095238,0.714285714286
148,"[[46, 45, 56, 86, 148, 16], [46, 45, 56, 86, 148, 16], [19, 73, 50, 96, 10, 148], [19, 73, 50, 96, 10, 148]]","[55, 55, 21, 21]",4,38.0,55,"[0.5670103092783505, 0.5670103092783505, 0.2413793103448276, 0.2413793103448276]",4,0.404194809812,0.567010309278
149,"[[49, 87, 13, 52, 149, 33], [49, 87, 13, 52, 149, 33], [62, 78, 11, 149, 24, 92]]","[76, 76, 67]",3,73.0,76,"[1.0, 1.0, 1.0]",3,1.0,1.0
150,"[[101, 51, 42, 150, 88, 16], [101, 51, 42, 150, 88, 16], [69, 54, 150, 9, 37, 97], [69, 54, 150, 9, 37, 97], [80, 150, 66, 94, 17, 33], [80, 150, 66, 94, 17, 33]]","[68, 68, 48, 48, 5, 5]",6,40.3333333333,68,"[0.6071428571428571, 0.6071428571428571, 0.48484848484848486, 0.48484848484848486, 0.053763440860215055, 0.053763440860215055]",6,0.381918260951,0.607142857143
151,"[[96, 74, 44, 59, 151, 88], [96, 74, 44, 59, 151, 88], [75, 151, 16, 64, 41, 91], [75, 151, 16, 64, 41, 91]]","[46, 46, 25, 25]",4,35.5,46,"[0.45544554455445546, 0.45544554455445546, 0.27472527472527475, 0.27472527472527475]",4,0.36508540964,0.455445544554
152,"[[25, 61, 152, 91, 80, 17], [25, 61, 152, 91, 80, 17], [53, 1, 28, 79, 100, 152], [53, 1, 28, 79, 100, 152], [76, 23, 55, 152, 4, 90], [76, 23, 55, 152, 4, 90], [59, 100, 152, 18, 87, 45]]","[73, 73, 22, 22, 69, 69, 55]",7,54.7142857143,73,"[0.8390804597701149, 0.8390804597701149, 0.28205128205128205, 0.28205128205128205, 0.71875, 0.71875, 0.8208955223880597]",7,0.642951286576,0.83908045977
153,"[[4, 81, 35, 153, 104, 51], [4, 81, 35, 153, 104, 51], [21, 16, 28, 94, 153, 86], [21, 16, 28, 94, 153, 86]]","[50, 50, 5, 5]",4,27.5,50,"[0.4807692307692308, 0.4807692307692308, 0.052083333333333336, 0.052083333333333336]",4,0.266426282051,0.480769230769
154,"[[50, 60, 72, 39, 154, 67], [50, 60, 72, 39, 154, 67], [3, 154, 89, 61, 20, 23], [3, 154, 89, 61, 20, 23], [85, 3, 30, 154, 60, 90], [85, 3, 30, 154, 60, 90], [15, 63, 154, 99, 29, 76], [15, 63, 154, 99, 29, 76]]","[42, 42, 22, 22, 0, 0, 0, 0]",8,16.0,42,"[0.5121951219512195, 0.5121951219512195, 0.2391304347826087, 0.2391304347826087, 0.0, 0.0, 0.0, 0.0]",8,0.187831389183,0.512195121951
155,"[[155, 95, 76, 55, 24, 3], [155, 95, 76, 55, 24, 3], [155, 72, 1, 67, 56, 43], [155, 72, 1, 67, 56, 43]]","[40, 40, 1, 1]",4,20.5,40,"[0.42105263157894735, 0.42105263157894735, 0.013888888888888888, 0.013888888888888888]",4,0.217470760234,0.421052631579
156,"[[156, 25, 61, 78, 95, 19], [156, 25, 61, 78, 95, 19], [91, 38, 79, 88, 156, 19], [91, 38, 79, 88, 156, 19], [156, 60, 99, 17, 75, 42], [156, 60, 99, 17, 75, 42], [42, 102, 62, 74, 8, 156], [42, 102, 62, 74, 8, 156]]","[41, 41, 82, 82, 30, 30, 86, 86]",8,59.75,86,"[0.5061728395061729, 0.5061728395061729, 1.0, 1.0, 0.35714285714285715, 0.35714285714285715, 0.8686868686868687, 0.8686868686868687]",8,0.683000641334,1.0
157,"[[63, 6, 22, 157, 77, 36], [63, 6, 22, 157, 77, 36], [157, 29, 66, 85, 22, 74], [157, 29, 66, 85, 22, 74]]","[70, 70, 54, 54]",4,62.0,70,"[0.6363636363636364, 0.6363636363636364, 0.5567010309278351, 0.5567010309278351]",4,0.596532333646,0.636363636364
158,"[[8, 78, 67, 158, 24, 64], [8, 78, 67, 158, 24, 64]]","[15, 15]",2,15.0,15,"[0.16129032258064516, 0.16129032258064516]",2,0.161290322581,0.161290322581
